categoria,archivos
abecedario\fuente de puntos sin etiqueta confiable,72
abecedario\01 letra a\todas las imagenes,120
abecedario\02 letra b\todas las imagenes,120
abecedario\03 letra c\todas las imagenes,120
abecedario\04 letra d\todas las imagenes,120
abecedario\05 letra e\todas las imagenes,120
abecedario\06 letra f\todas las imagenes,120
abecedario\07 letra g\todas las imagenes,120
abecedario\08 letra h\todas las imagenes,120
abecedario\09 letra i\todas las imagenes,120
abecedario\10 letra j\todas las imagenes,120
abecedario\11 letra k\todas las imagenes,120
abecedario\12 letra l\todas las imagenes,120
abecedario\13 letra m\todas las imagenes,120
abecedario\14 letra n\todas las imagenes,120
abecedario\16 letra o\todas las imagenes,120
abecedario\17 letra p\todas las imagenes,120
abecedario\18 letra q\todas las imagenes,120
abecedario\19 letra r\todas las imagenes,120
abecedario\20 letra s\todas las imagenes,120
abecedario\21 letra t\todas las imagenes,120
abecedario\22 letra u\todas las imagenes,120
abecedario\23 letra v\todas las imagenes,120
abecedario\24 letra w\todas las imagenes,120
abecedario\25 letra x\todas las imagenes,120
abecedario\26 letra y\todas las imagenes,120
abecedario\27 letra z\todas las imagenes,120
abecedario\numeros\numero 1,1
abecedario\numeros\numero 10,1
abecedario\numeros\numero 2,1
abecedario\numeros\numero 3,1
abecedario\numeros\numero 4,1
abecedario\numeros\numero 5,1
abecedario\numeros\numero 6,1
abecedario\numeros\numero 7,1
abecedario\numeros\numero 8,1
abecedario\numeros\numero 9,1
abecedario\numeros\numero 1\todas las imagenes,120
abecedario\numeros\numero 10\todas las imagenes,120
abecedario\numeros\numero 2\todas las imagenes,120
abecedario\numeros\numero 3\todas las imagenes,120
abecedario\numeros\numero 4\todas las imagenes,120
abecedario\numeros\numero 5\todas las imagenes,120
abecedario\numeros\numero 6\todas las imagenes,120
abecedario\numeros\numero 7\todas las imagenes,120
abecedario\numeros\numero 8\todas las imagenes,120
abecedario\numeros\numero 9\todas las imagenes,120
palabras y oraciones\acciones\abrazo,1
palabras y oraciones\acciones\amor,1
palabras y oraciones\acciones\arreglar,1
palabras y oraciones\acciones\asustar,1
palabras y oraciones\acciones\ayuda,1
palabras y oraciones\acciones\bofetada,1
palabras y oraciones\acciones\buscar,1
palabras y oraciones\acciones\callar,1
palabras y oraciones\acciones\cerrar,1
palabras y oraciones\acciones\comer,1
palabras y oraciones\acciones\creer,1
palabras y oraciones\acciones\detener,1
palabras y oraciones\acciones\dormir,1
palabras y oraciones\acciones\guardar,1
palabras y oraciones\acciones\hacer,1
palabras y oraciones\acciones\jugar,1
palabras y oraciones\acciones\lanzar,1
palabras y oraciones\acciones\limpiar,1
palabras y oraciones\acciones\llorar,1
palabras y oraciones\acciones\mentir,1
palabras y oraciones\acciones\oir,1
palabras y oraciones\acciones\olvidar,1
palabras y oraciones\acciones\ordenar,1
palabras y oraciones\acciones\recoger,1
palabras y oraciones\acciones\reir,1
palabras y oraciones\alimentos\cafe,1
palabras y oraciones\alimentos\cena,1
palabras y oraciones\alimentos\comida,1
palabras y oraciones\alimentos\cuchara,1
palabras y oraciones\alimentos\cuchillo,1
palabras y oraciones\alimentos\desayuno,1
palabras y oraciones\alimentos\plato,1
palabras y oraciones\alimentos\sal,1
palabras y oraciones\alimentos\servilleta,1
palabras y oraciones\alimentos\tenedor,1
palabras y oraciones\alimentos\vaso,1
palabras y oraciones\casa y escuela\bano,1
palabras y oraciones\casa y escuela\borrador,1
palabras y oraciones\casa y escuela\calificacion,1
palabras y oraciones\casa y escuela\cama,1
palabras y oraciones\casa y escuela\casa,1
palabras y oraciones\casa y escuela\clase,1
palabras y oraciones\casa y escuela\closet,1
palabras y oraciones\casa y escuela\cocina,1
palabras y oraciones\casa y escuela\colores,1
palabras y oraciones\casa y escuela\cortina,1
palabras y oraciones\casa y escuela\cristal,1
palabras y oraciones\casa y escuela\cuaderno,1
palabras y oraciones\casa y escuela\cuarto,1
palabras y oraciones\casa y escuela\cuna,1
palabras y oraciones\casa y escuela\escaleras,1
palabras y oraciones\casa y escuela\escoba,1
palabras y oraciones\casa y escuela\escritura,1
palabras y oraciones\casa y escuela\escuela,1
palabras y oraciones\casa y escuela\examen,1
palabras y oraciones\casa y escuela\lampara,1
palabras y oraciones\casa y escuela\lapiz,1
palabras y oraciones\casa y escuela\lectura,1
palabras y oraciones\casa y escuela\mesa,1
palabras y oraciones\casa y escuela\pared,1
palabras y oraciones\casa y escuela\pasillo,1
palabras y oraciones\casa y escuela\piso,1
palabras y oraciones\casa y escuela\puerta,1
palabras y oraciones\casa y escuela\regla,1
palabras y oraciones\casa y escuela\sacapuntas,1
palabras y oraciones\casa y escuela\techo,1
palabras y oraciones\casa y escuela\ventana,1
palabras y oraciones\cuerpo\barba,1
palabras y oraciones\cuerpo\bigote,1
palabras y oraciones\cuerpo\boca,1
palabras y oraciones\cuerpo\brazo,1
palabras y oraciones\cuerpo\cabello,1
palabras y oraciones\cuerpo\cabeza,1
palabras y oraciones\cuerpo\cara,1
palabras y oraciones\cuerpo\dientes,1
palabras y oraciones\cuerpo\mejilla,1
palabras y oraciones\cuerpo\nariz,1
palabras y oraciones\cuerpo\ojos,1
palabras y oraciones\cuerpo\oreja,1
palabras y oraciones\cuerpo\orejas,1
palabras y oraciones\cuerpo\pies,1
palabras y oraciones\cuerpo\una,1
palabras y oraciones\familiares\abuela,1
palabras y oraciones\familiares\abuelo,1
palabras y oraciones\familiares\esposa,1
palabras y oraciones\familiares\esposo,1
palabras y oraciones\familiares\familia,1
palabras y oraciones\familiares\hermana,1
palabras y oraciones\familiares\hermano,1
palabras y oraciones\familiares\hija,1
palabras y oraciones\familiares\hijo,1
palabras y oraciones\familiares\mama,1
palabras y oraciones\familiares\novia,1
palabras y oraciones\familiares\novio,1
palabras y oraciones\familiares\papa,1
palabras y oraciones\familiares\prima,1
palabras y oraciones\familiares\primo,1
palabras y oraciones\familiares\sobrina,1
palabras y oraciones\familiares\sobrino,1
palabras y oraciones\familiares\tia,1
palabras y oraciones\familiares\tio,1
palabras y oraciones\lugares\aguascalientes,1
palabras y oraciones\lugares\biblioteca,1
palabras y oraciones\lugares\campeche,1
palabras y oraciones\lugares\centro,1
palabras y oraciones\lugares\chiapas,1
palabras y oraciones\lugares\chihuahua,1
palabras y oraciones\lugares\cine,1
palabras y oraciones\lugares\circo,1
palabras y oraciones\lugares\coahuila,1
palabras y oraciones\lugares\colima,1
palabras y oraciones\lugares\durango,1
palabras y oraciones\lugares\edificio,1
palabras y oraciones\lugares\guanajuato,1
palabras y oraciones\lugares\guerrero,1
palabras y oraciones\lugares\hidalgo,1
palabras y oraciones\lugares\hospital,1
palabras y oraciones\lugares\hotel,1
palabras y oraciones\lugares\jalisco,1
palabras y oraciones\lugares\mercado,1
palabras y oraciones\lugares\mexico,1
palabras y oraciones\lugares\michoacan,1
palabras y oraciones\lugares\morelos,1
palabras y oraciones\lugares\museo,1
palabras y oraciones\lugares\nayarit,1
palabras y oraciones\lugares\oaxaca,1
palabras y oraciones\lugares\puebla,1
palabras y oraciones\lugares\queretaro,1
palabras y oraciones\lugares\restaurante,1
palabras y oraciones\lugares\sinaloa,1
palabras y oraciones\lugares\sonora,1
palabras y oraciones\lugares\supermercado,1
palabras y oraciones\lugares\tabasco,1
palabras y oraciones\lugares\tamaulipas,1
palabras y oraciones\lugares\tlaxcala,1
palabras y oraciones\lugares\veracruz,1
palabras y oraciones\lugares\yucatan,1
palabras y oraciones\lugares\zacatecas,1
palabras y oraciones\otros\baja california norte,1
palabras y oraciones\otros\baja california sur,1
palabras y oraciones\otros\buena persona,1
palabras y oraciones\otros\buenas noches,1
palabras y oraciones\otros\buenas tardes,1
palabras y oraciones\otros\buenos dias,1
palabras y oraciones\otros\lenguaje de senas,1
palabras y oraciones\otros\mala persona,1
palabras y oraciones\otros\no me gusto,1
palabras y oraciones\otros\nos vemos,1
palabras y oraciones\otros\nuevo leon,1
palabras y oraciones\otros\por favor,1
palabras y oraciones\otros\quiero mas,1
palabras y oraciones\otros\quintana roo,1
palabras y oraciones\otros\ropa interior,1
palabras y oraciones\otros\san luis potosi,1
palabras y oraciones\personas\actor,1
palabras y oraciones\personas\adulto,1
palabras y oraciones\personas\alguien,1
palabras y oraciones\personas\alto,1
palabras y oraciones\personas\bajo,1
palabras y oraciones\personas\bebe,1
palabras y oraciones\personas\bombero,1
palabras y oraciones\personas\bonito,1
palabras y oraciones\personas\carpintero,1
palabras y oraciones\personas\ciego,1
palabras y oraciones\personas\costura,1
palabras y oraciones\personas\debil,1
palabras y oraciones\personas\delgado,1
palabras y oraciones\personas\doctor,1
palabras y oraciones\personas\el,1
palabras y oraciones\personas\ella,1
palabras y oraciones\personas\ellas,1
palabras y oraciones\personas\ellos,1
palabras y oraciones\personas\estilista,1
palabras y oraciones\personas\feo,1
palabras y oraciones\personas\fuerte,1
palabras y oraciones\personas\gordo,1
palabras y oraciones\personas\hombre,1
palabras y oraciones\personas\joven,1
palabras y oraciones\personas\maestro,1
palabras y oraciones\personas\mecanico,1
palabras y oraciones\personas\mesero,1
palabras y oraciones\personas\mudo,1
palabras y oraciones\personas\mujeres,1
palabras y oraciones\personas\ninguno,1
palabras y oraciones\personas\nino,1
palabras y oraciones\personas\nosotras,1
palabras y oraciones\personas\nosotros,1
palabras y oraciones\personas\policia,1
palabras y oraciones\personas\presidente,1
palabras y oraciones\personas\secretaria,1
palabras y oraciones\personas\sordo,1
palabras y oraciones\personas\tu,1
palabras y oraciones\personas\ustedes,1
palabras y oraciones\personas\yo,1
palabras y oraciones\personas\zapatero,1
palabras y oraciones\ropa\arete,1
palabras y oraciones\ropa\blusa,1
palabras y oraciones\ropa\bota,1
palabras y oraciones\ropa\camisa,1
palabras y oraciones\ropa\collar,1
palabras y oraciones\ropa\falda,1
palabras y oraciones\ropa\guante,1
palabras y oraciones\ropa\pantalon,1
palabras y oraciones\ropa\pijama,1
palabras y oraciones\ropa\shorts,1
palabras y oraciones\ropa\traje,1
palabras y oraciones\ropa\vestido,1
palabras y oraciones\ropa\zapatos,1
palabras y oraciones\saludos\adios,1
palabras y oraciones\saludos\gracias,1
palabras y oraciones\tiempo\abril,1
palabras y oraciones\tiempo\agosto,1
palabras y oraciones\tiempo\ano,1
palabras y oraciones\tiempo\dia,1
palabras y oraciones\tiempo\diciembre,1
palabras y oraciones\tiempo\domingo,1
palabras y oraciones\tiempo\enero,1
palabras y oraciones\tiempo\febrero,1
palabras y oraciones\tiempo\hora,1
palabras y oraciones\tiempo\jueves,1
palabras y oraciones\tiempo\julio,1
palabras y oraciones\tiempo\junio,1
palabras y oraciones\tiempo\lunes,1
palabras y oraciones\tiempo\martes,1
palabras y oraciones\tiempo\marzo,1
palabras y oraciones\tiempo\mayo,1
palabras y oraciones\tiempo\miercoles,1
palabras y oraciones\tiempo\minutos,1
palabras y oraciones\tiempo\noviembre,1
palabras y oraciones\tiempo\octubre,1
palabras y oraciones\tiempo\sabado,1
palabras y oraciones\tiempo\segundos,1
palabras y oraciones\tiempo\semana,1
palabras y oraciones\tiempo\septiembre,1
palabras y oraciones\tiempo\viernes,1
palabras y oraciones\transporte\aeropuerto,1
palabras y oraciones\transporte\autobus,1
palabras y oraciones\transporte\avion,1
palabras y oraciones\transporte\barco,1
palabras y oraciones\transporte\bicicleta,1
palabras y oraciones\transporte\camion,1
palabras y oraciones\transporte\camioneta,1
palabras y oraciones\transporte\carro,1
palabras y oraciones\transporte\helicoptero,1
palabras y oraciones\transporte\metro,1
palabras y oraciones\transporte\motocicleta,1
palabras y oraciones\transporte\taxi,1
palabras y oraciones\transporte\tractor,1
palabras y oraciones\transporte\tren,1
palabras y oraciones\acciones\abrazo\todas las imagenes,40
palabras y oraciones\acciones\amor\todas las imagenes,40
palabras y oraciones\acciones\arreglar\todas las imagenes,40
palabras y oraciones\acciones\asustar\todas las imagenes,40
palabras y oraciones\acciones\ayuda\todas las imagenes,40
palabras y oraciones\acciones\bofetada\todas las imagenes,40
palabras y oraciones\acciones\buscar\todas las imagenes,40
palabras y oraciones\acciones\callar\todas las imagenes,40
palabras y oraciones\acciones\cerrar\todas las imagenes,40
palabras y oraciones\acciones\comer\todas las imagenes,31
palabras y oraciones\acciones\creer\todas las imagenes,40
palabras y oraciones\acciones\detener\todas las imagenes,35
palabras y oraciones\acciones\dormir\todas las imagenes,40
palabras y oraciones\acciones\guardar\todas las imagenes,40
palabras y oraciones\acciones\hacer\todas las imagenes,40
palabras y oraciones\acciones\jugar\todas las imagenes,40
palabras y oraciones\acciones\lanzar\todas las imagenes,40
palabras y oraciones\acciones\limpiar\todas las imagenes,40
palabras y oraciones\acciones\llorar\todas las imagenes,40
palabras y oraciones\acciones\mentir\todas las imagenes,40
palabras y oraciones\acciones\oir\todas las imagenes,40
palabras y oraciones\acciones\olvidar\todas las imagenes,35
palabras y oraciones\acciones\ordenar\todas las imagenes,40
palabras y oraciones\acciones\recoger\todas las imagenes,40
palabras y oraciones\acciones\reir\todas las imagenes,40
palabras y oraciones\alimentos\cafe\todas las imagenes,40
palabras y oraciones\alimentos\cena\todas las imagenes,40
palabras y oraciones\alimentos\comida\todas las imagenes,36
palabras y oraciones\alimentos\cuchara\todas las imagenes,40
palabras y oraciones\alimentos\cuchillo\todas las imagenes,40
palabras y oraciones\alimentos\desayuno\todas las imagenes,40
palabras y oraciones\alimentos\plato\todas las imagenes,40
palabras y oraciones\alimentos\sal\todas las imagenes,36
palabras y oraciones\alimentos\servilleta\todas las imagenes,40
palabras y oraciones\alimentos\tenedor\todas las imagenes,40
palabras y oraciones\alimentos\vaso\todas las imagenes,40
palabras y oraciones\casa y escuela\bano\todas las imagenes,40
palabras y oraciones\casa y escuela\borrador\todas las imagenes,40
palabras y oraciones\casa y escuela\calificacion\todas las imagenes,40
palabras y oraciones\casa y escuela\cama\todas las imagenes,40
palabras y oraciones\casa y escuela\casa\todas las imagenes,40
palabras y oraciones\casa y escuela\clase\todas las imagenes,40
palabras y oraciones\casa y escuela\closet\todas las imagenes,40
palabras y oraciones\casa y escuela\cocina\todas las imagenes,40
palabras y oraciones\casa y escuela\colores\todas las imagenes,40
palabras y oraciones\casa y escuela\cortina\todas las imagenes,40
palabras y oraciones\casa y escuela\cristal\todas las imagenes,40
palabras y oraciones\casa y escuela\cuaderno\todas las imagenes,40
palabras y oraciones\casa y escuela\cuarto\todas las imagenes,40
palabras y oraciones\casa y escuela\cuna\todas las imagenes,40
palabras y oraciones\casa y escuela\escaleras\todas las imagenes,40
palabras y oraciones\casa y escuela\escoba\todas las imagenes,40
palabras y oraciones\casa y escuela\escritura\todas las imagenes,40
palabras y oraciones\casa y escuela\escuela\todas las imagenes,40
palabras y oraciones\casa y escuela\examen\todas las imagenes,39
palabras y oraciones\casa y escuela\lampara\todas las imagenes,40
palabras y oraciones\casa y escuela\lapiz\todas las imagenes,40
palabras y oraciones\casa y escuela\lectura\todas las imagenes,40
palabras y oraciones\casa y escuela\mesa\todas las imagenes,40
palabras y oraciones\casa y escuela\pared\todas las imagenes,40
palabras y oraciones\casa y escuela\pasillo\todas las imagenes,40
palabras y oraciones\casa y escuela\piso\todas las imagenes,40
palabras y oraciones\casa y escuela\puerta\todas las imagenes,40
palabras y oraciones\casa y escuela\regla\todas las imagenes,40
palabras y oraciones\casa y escuela\sacapuntas\todas las imagenes,40
palabras y oraciones\casa y escuela\techo\todas las imagenes,40
palabras y oraciones\casa y escuela\ventana\todas las imagenes,40
palabras y oraciones\cuerpo\barba\todas las imagenes,40
palabras y oraciones\cuerpo\bigote\todas las imagenes,40
palabras y oraciones\cuerpo\boca\todas las imagenes,40
palabras y oraciones\cuerpo\brazo\todas las imagenes,40
palabras y oraciones\cuerpo\cabello\todas las imagenes,40
palabras y oraciones\cuerpo\cabeza\todas las imagenes,36
palabras y oraciones\cuerpo\cara\todas las imagenes,36
palabras y oraciones\cuerpo\dientes\todas las imagenes,40
palabras y oraciones\cuerpo\mejilla\todas las imagenes,36
palabras y oraciones\cuerpo\nariz\todas las imagenes,40
palabras y oraciones\cuerpo\ojos\todas las imagenes,40
palabras y oraciones\cuerpo\oreja\todas las imagenes,36
palabras y oraciones\cuerpo\orejas\todas las imagenes,40
palabras y oraciones\cuerpo\pies\todas las imagenes,40
palabras y oraciones\cuerpo\una\todas las imagenes,40
palabras y oraciones\familiares\abuela\todas las imagenes,40
palabras y oraciones\familiares\abuelo\todas las imagenes,40
palabras y oraciones\familiares\esposa\todas las imagenes,40
palabras y oraciones\familiares\esposo\todas las imagenes,40
palabras y oraciones\familiares\familia\todas las imagenes,40
palabras y oraciones\familiares\hermana\todas las imagenes,36
palabras y oraciones\familiares\hermano\todas las imagenes,36
palabras y oraciones\familiares\hija\todas las imagenes,40
palabras y oraciones\familiares\hijo\todas las imagenes,40
palabras y oraciones\familiares\mama\todas las imagenes,40
palabras y oraciones\familiares\novia\todas las imagenes,40
palabras y oraciones\familiares\novio\todas las imagenes,40
palabras y oraciones\familiares\papa\todas las imagenes,40
palabras y oraciones\familiares\prima\todas las imagenes,40
palabras y oraciones\familiares\primo\todas las imagenes,40
palabras y oraciones\familiares\sobrina\todas las imagenes,40
palabras y oraciones\familiares\sobrino\todas las imagenes,40
palabras y oraciones\familiares\tia\todas las imagenes,40
palabras y oraciones\familiares\tio\todas las imagenes,40
palabras y oraciones\lugares\aguascalientes\todas las imagenes,40
palabras y oraciones\lugares\biblioteca\todas las imagenes,40
palabras y oraciones\lugares\campeche\todas las imagenes,40
palabras y oraciones\lugares\centro\todas las imagenes,40
palabras y oraciones\lugares\chiapas\todas las imagenes,40
palabras y oraciones\lugares\chihuahua\todas las imagenes,40
palabras y oraciones\lugares\cine\todas las imagenes,40
palabras y oraciones\lugares\circo\todas las imagenes,40
palabras y oraciones\lugares\coahuila\todas las imagenes,40
palabras y oraciones\lugares\colima\todas las imagenes,40
palabras y oraciones\lugares\durango\todas las imagenes,40
palabras y oraciones\lugares\edificio\todas las imagenes,40
palabras y oraciones\lugares\guanajuato\todas las imagenes,40
palabras y oraciones\lugares\guerrero\todas las imagenes,40
palabras y oraciones\lugares\hidalgo\todas las imagenes,40
palabras y oraciones\lugares\hospital\todas las imagenes,40
palabras y oraciones\lugares\hotel\todas las imagenes,40
palabras y oraciones\lugares\jalisco\todas las imagenes,40
palabras y oraciones\lugares\mercado\todas las imagenes,40
palabras y oraciones\lugares\mexico\todas las imagenes,40
palabras y oraciones\lugares\michoacan\todas las imagenes,40
palabras y oraciones\lugares\morelos\todas las imagenes,40
palabras y oraciones\lugares\museo\todas las imagenes,40
palabras y oraciones\lugares\nayarit\todas las imagenes,40
palabras y oraciones\lugares\oaxaca\todas las imagenes,40
palabras y oraciones\lugares\puebla\todas las imagenes,40
palabras y oraciones\lugares\queretaro\todas las imagenes,40
palabras y oraciones\lugares\restaurante\todas las imagenes,40
palabras y oraciones\lugares\sinaloa\todas las imagenes,40
palabras y oraciones\lugares\sonora\todas las imagenes,40
palabras y oraciones\lugares\supermercado\todas las imagenes,40
palabras y oraciones\lugares\tabasco\todas las imagenes,40
palabras y oraciones\lugares\tamaulipas\todas las imagenes,40
palabras y oraciones\lugares\tlaxcala\todas las imagenes,40
palabras y oraciones\lugares\veracruz\todas las imagenes,40
palabras y oraciones\lugares\yucatan\todas las imagenes,40
palabras y oraciones\lugares\zacatecas\todas las imagenes,40
palabras y oraciones\otros\baja california norte\todas las imagenes,35
palabras y oraciones\otros\baja california sur\todas las imagenes,40
palabras y oraciones\otros\buena persona\todas las imagenes,40
palabras y oraciones\otros\buenas noches\todas las imagenes,40
palabras y oraciones\otros\buenas tardes\todas las imagenes,40
palabras y oraciones\otros\buenos dias\todas las imagenes,40
palabras y oraciones\otros\lenguaje de senas\todas las imagenes,40
palabras y oraciones\otros\mala persona\todas las imagenes,40
palabras y oraciones\otros\no me gusto\todas las imagenes,40
palabras y oraciones\otros\nos vemos\todas las imagenes,40
palabras y oraciones\otros\nuevo leon\todas las imagenes,40
palabras y oraciones\otros\por favor\todas las imagenes,40
palabras y oraciones\otros\quiero mas\todas las imagenes,36
palabras y oraciones\otros\quintana roo\todas las imagenes,40
palabras y oraciones\otros\ropa interior\todas las imagenes,40
palabras y oraciones\otros\san luis potosi\todas las imagenes,40
palabras y oraciones\personas\actor\todas las imagenes,40
palabras y oraciones\personas\adulto\todas las imagenes,40
palabras y oraciones\personas\alguien\todas las imagenes,40
palabras y oraciones\personas\alto\todas las imagenes,39
palabras y oraciones\personas\bajo\todas las imagenes,40
palabras y oraciones\personas\bebe\todas las imagenes,40
palabras y oraciones\personas\bombero\todas las imagenes,40
palabras y oraciones\personas\bonito\todas las imagenes,40
palabras y oraciones\personas\carpintero\todas las imagenes,40
palabras y oraciones\personas\ciego\todas las imagenes,40
palabras y oraciones\personas\costura\todas las imagenes,40
palabras y oraciones\personas\debil\todas las imagenes,40
palabras y oraciones\personas\delgado\todas las imagenes,40
palabras y oraciones\personas\doctor\todas las imagenes,40
palabras y oraciones\personas\el\todas las imagenes,40
palabras y oraciones\personas\ella\todas las imagenes,40
palabras y oraciones\personas\ellas\todas las imagenes,40
palabras y oraciones\personas\ellos\todas las imagenes,40
palabras y oraciones\personas\estilista\todas las imagenes,40
palabras y oraciones\personas\feo\todas las imagenes,39
palabras y oraciones\personas\fuerte\todas las imagenes,36
palabras y oraciones\personas\gordo\todas las imagenes,40
palabras y oraciones\personas\hombre\todas las imagenes,40
palabras y oraciones\personas\joven\todas las imagenes,36
palabras y oraciones\personas\maestro\todas las imagenes,40
palabras y oraciones\personas\mecanico\todas las imagenes,40
palabras y oraciones\personas\mesero\todas las imagenes,40
palabras y oraciones\personas\mudo\todas las imagenes,36
palabras y oraciones\personas\mujeres\todas las imagenes,40
palabras y oraciones\personas\ninguno\todas las imagenes,40
palabras y oraciones\personas\nino\todas las imagenes,36
palabras y oraciones\personas\nosotras\todas las imagenes,40
palabras y oraciones\personas\nosotros\todas las imagenes,40
palabras y oraciones\personas\policia\todas las imagenes,40
palabras y oraciones\personas\presidente\todas las imagenes,40
palabras y oraciones\personas\secretaria\todas las imagenes,40
palabras y oraciones\personas\sordo\todas las imagenes,40
palabras y oraciones\personas\tu\todas las imagenes,40
palabras y oraciones\personas\ustedes\todas las imagenes,40
palabras y oraciones\personas\yo\todas las imagenes,40
palabras y oraciones\personas\zapatero\todas las imagenes,40
palabras y oraciones\ropa\arete\todas las imagenes,40
palabras y oraciones\ropa\blusa\todas las imagenes,40
palabras y oraciones\ropa\bota\todas las imagenes,40
palabras y oraciones\ropa\camisa\todas las imagenes,36
palabras y oraciones\ropa\collar\todas las imagenes,40
palabras y oraciones\ropa\falda\todas las imagenes,40
palabras y oraciones\ropa\guante\todas las imagenes,40
palabras y oraciones\ropa\pantalon\todas las imagenes,39
palabras y oraciones\ropa\pijama\todas las imagenes,39
palabras y oraciones\ropa\shorts\todas las imagenes,40
palabras y oraciones\ropa\traje\todas las imagenes,40
palabras y oraciones\ropa\vestido\todas las imagenes,40
palabras y oraciones\ropa\zapatos\todas las imagenes,40
palabras y oraciones\saludos\adios\todas las imagenes,40
palabras y oraciones\saludos\gracias\todas las imagenes,40
palabras y oraciones\tiempo\abril\todas las imagenes,40
palabras y oraciones\tiempo\agosto\todas las imagenes,40
palabras y oraciones\tiempo\ano\todas las imagenes,40
palabras y oraciones\tiempo\dia\todas las imagenes,40
palabras y oraciones\tiempo\diciembre\todas las imagenes,40
palabras y oraciones\tiempo\domingo\todas las imagenes,40
palabras y oraciones\tiempo\enero\todas las imagenes,40
palabras y oraciones\tiempo\febrero\todas las imagenes,40
palabras y oraciones\tiempo\hora\todas las imagenes,40
palabras y oraciones\tiempo\jueves\todas las imagenes,40
palabras y oraciones\tiempo\julio\todas las imagenes,40
palabras y oraciones\tiempo\junio\todas las imagenes,40
palabras y oraciones\tiempo\lunes\todas las imagenes,40
palabras y oraciones\tiempo\martes\todas las imagenes,40
palabras y oraciones\tiempo\marzo\todas las imagenes,40
palabras y oraciones\tiempo\mayo\todas las imagenes,40
palabras y oraciones\tiempo\miercoles\todas las imagenes,40
palabras y oraciones\tiempo\minutos\todas las imagenes,40
palabras y oraciones\tiempo\noviembre\todas las imagenes,40
palabras y oraciones\tiempo\octubre\todas las imagenes,40
palabras y oraciones\tiempo\sabado\todas las imagenes,40
palabras y oraciones\tiempo\segundos\todas las imagenes,40
palabras y oraciones\tiempo\semana\todas las imagenes,40
palabras y oraciones\tiempo\septiembre\todas las imagenes,40
palabras y oraciones\tiempo\viernes\todas las imagenes,40
palabras y oraciones\transporte\aeropuerto\todas las imagenes,40
palabras y oraciones\transporte\autobus\todas las imagenes,40
palabras y oraciones\transporte\avion\todas las imagenes,40
palabras y oraciones\transporte\barco\todas las imagenes,40
palabras y oraciones\transporte\bicicleta\todas las imagenes,40
palabras y oraciones\transporte\camion\todas las imagenes,40
palabras y oraciones\transporte\camioneta\todas las imagenes,36
palabras y oraciones\transporte\carro\todas las imagenes,40
palabras y oraciones\transporte\helicoptero\todas las imagenes,40
palabras y oraciones\transporte\metro\todas las imagenes,40
palabras y oraciones\transporte\motocicleta\todas las imagenes,40
palabras y oraciones\transporte\taxi\todas las imagenes,40
palabras y oraciones\transporte\tractor\todas las imagenes,40
palabras y oraciones\transporte\tren\todas las imagenes,40