sample_id,label,capture_index,split_external,feature_path,points,channels,capture_index_is_verified_participant
static3d_a_01,A,1,train,A\a1.txt,1618,3,False
static3d_a_02,A,2,train,A\a2.txt,3495,3,False
static3d_a_03,A,3,train,A\a3.txt,3050,3,False
static3d_a_04,A,4,train,A\a4.txt,2091,3,False
static3d_a_05,A,5,train,A\a5.txt,4348,3,False
static3d_a_06,A,6,train,A\a6.txt,4728,3,False
static3d_a_07,A,7,train,A\a7.txt,4079,3,False
static3d_a_08,A,8,train,A\a8.txt,2240,3,False
static3d_a_09,A,9,train,A\a9.txt,1618,3,False
static3d_a_10,A,10,train,A\a10.txt,2331,3,False
static3d_a_11,A,11,train,A\a11.txt,2508,3,False
static3d_a_12,A,12,validation,A\a12.txt,4299,3,False
static3d_a_13,A,13,validation,A\a13.txt,3879,3,False
static3d_a_14,A,14,test,A\a14.txt,4105,3,False
static3d_a_15,A,15,test,A\a15.txt,2598,3,False
static3d_b_01,B,1,train,B\b1.txt,2307,3,False
static3d_b_02,B,2,train,B\b2.txt,4444,3,False
static3d_b_03,B,3,train,B\b3.txt,4428,3,False
static3d_b_04,B,4,train,B\b4.txt,2531,3,False
static3d_b_05,B,5,train,B\b5.txt,5532,3,False
static3d_b_06,B,6,train,B\b6.txt,7340,3,False
static3d_b_07,B,7,train,B\b7.txt,5083,3,False
static3d_b_08,B,8,train,B\b8.txt,3269,3,False
static3d_b_09,B,9,train,B\b9.txt,4925,3,False
static3d_b_10,B,10,train,B\b10.txt,4183,3,False
static3d_b_11,B,11,train,B\b11.txt,3958,3,False
static3d_b_12,B,12,validation,B\b12.txt,4029,3,False
static3d_b_13,B,13,validation,B\b13.txt,5406,3,False
static3d_b_14,B,14,test,B\b14.txt,4929,3,False
static3d_b_15,B,15,test,B\b15.txt,5279,3,False
static3d_c_01,C,1,train,C\c1.txt,2537,3,False
static3d_c_02,C,2,train,C\c2.txt,2993,3,False
static3d_c_03,C,3,train,C\c3.txt,3046,3,False
static3d_c_04,C,4,train,C\c4.txt,2079,3,False
static3d_c_05,C,5,train,C\c5.txt,3289,3,False
static3d_c_06,C,6,train,C\c6.txt,3197,3,False
static3d_c_07,C,7,train,C\c7.txt,3122,3,False
static3d_c_08,C,8,train,C\c8.txt,2719,3,False
static3d_c_09,C,9,train,C\c9.txt,3168,3,False
static3d_c_10,C,10,train,C\c10.txt,2353,3,False
static3d_c_11,C,11,train,C\c11.txt,3634,3,False
static3d_c_12,C,12,validation,C\c12.txt,2351,3,False
static3d_c_13,C,13,validation,C\c13.txt,3557,3,False
static3d_c_14,C,14,test,C\c14.txt,2934,3,False
static3d_c_15,C,15,test,C\c15.txt,3709,3,False
static3d_d_01,D,1,train,D\d1.txt,1758,3,False
static3d_d_02,D,2,train,D\d2.txt,2657,3,False
static3d_d_03,D,3,train,D\d3.txt,3299,3,False
static3d_d_04,D,4,train,D\d4.txt,2204,3,False
static3d_d_05,D,5,train,D\d5.txt,4230,3,False
static3d_d_06,D,6,train,D\d6.txt,4282,3,False
static3d_d_07,D,7,train,D\d7.txt,3354,3,False
static3d_d_08,D,8,train,D\d8.txt,1974,3,False
static3d_d_09,D,9,train,D\d9.txt,3247,3,False
static3d_d_10,D,10,train,D\d10.txt,2786,3,False
static3d_d_11,D,11,train,D\d11.txt,2334,3,False
static3d_d_12,D,12,validation,D\d12.txt,2467,3,False
static3d_d_13,D,13,validation,D\d13.txt,2565,3,False
static3d_d_14,D,14,test,D\d14.txt,2340,3,False
static3d_d_15,D,15,test,D\d15.txt,3426,3,False
static3d_e_01,E,1,train,E\e1.txt,1783,3,False
static3d_e_02,E,2,train,E\e2.txt,3800,3,False
static3d_e_03,E,3,train,E\e3.txt,3816,3,False
static3d_e_04,E,4,train,E\e4.txt,1884,3,False
static3d_e_05,E,5,train,E\e5.txt,5257,3,False
static3d_e_06,E,6,train,E\e6.txt,6083,3,False
static3d_e_07,E,7,train,E\e7.txt,4453,3,False
static3d_e_08,E,8,train,E\e8.txt,2175,3,False
static3d_e_09,E,9,train,E\e9.txt,3888,3,False
static3d_e_10,E,10,train,E\e10.txt,3263,3,False
static3d_e_11,E,11,train,E\e11.txt,3593,3,False
static3d_e_12,E,12,validation,E\e12.txt,3300,3,False
static3d_e_13,E,13,validation,E\e13.txt,5303,3,False
static3d_e_14,E,14,test,E\e14.txt,4842,3,False
static3d_e_15,E,15,test,E\e15.txt,5299,3,False
static3d_f_01,F,1,train,F\f1.txt,2266,3,False
static3d_f_02,F,2,train,F\f2.txt,3278,3,False
static3d_f_03,F,3,train,F\f3.txt,3661,3,False
static3d_f_04,F,4,train,F\f4.txt,2209,3,False
static3d_f_05,F,5,train,F\f5.txt,5101,3,False
static3d_f_06,F,6,train,F\f6.txt,6509,3,False
static3d_f_07,F,7,train,F\f7.txt,4331,3,False
static3d_f_08,F,8,train,F\f8.txt,3335,3,False
static3d_f_09,F,9,train,F\f9.txt,4014,3,False
static3d_f_10,F,10,train,F\f10.txt,3681,3,False
static3d_f_11,F,11,train,F\f11.txt,3090,3,False
static3d_f_12,F,12,validation,F\f12.txt,3864,3,False
static3d_f_13,F,13,validation,F\f13.txt,3002,3,False
static3d_f_14,F,14,test,F\f14.txt,2844,3,False
static3d_f_15,F,15,test,F\f15.txt,3078,3,False
static3d_g_01,G,1,train,G\g1.txt,2260,3,False
static3d_g_02,G,2,train,G\g2.txt,3456,3,False
static3d_g_03,G,3,train,G\g3.txt,3478,3,False
static3d_g_04,G,4,train,G\g4.txt,2947,3,False
static3d_g_05,G,5,train,G\g5.txt,2976,3,False
static3d_g_06,G,6,train,G\g6.txt,5461,3,False
static3d_g_07,G,7,train,G\g7.txt,3530,3,False
static3d_g_08,G,8,train,G\g8.txt,3059,3,False
static3d_g_09,G,9,train,G\g9.txt,4001,3,False
static3d_g_10,G,10,train,G\g10.txt,3918,3,False
static3d_g_11,G,11,train,G\g11.txt,3357,3,False
static3d_g_12,G,12,validation,G\g12.txt,4540,3,False
static3d_g_13,G,13,validation,G\g13.txt,3718,3,False
static3d_g_14,G,14,test,G\g14.txt,5318,3,False
static3d_g_15,G,15,test,G\g15.txt,4351,3,False
static3d_h_01,H,1,train,H\h1.txt,1864,3,False
static3d_h_02,H,2,train,H\h2.txt,3444,3,False
static3d_h_03,H,3,train,H\h3.txt,3780,3,False
static3d_h_04,H,4,train,H\h4.txt,2984,3,False
static3d_h_05,H,5,train,H\h5.txt,4764,3,False
static3d_h_06,H,6,train,H\h6.txt,6612,3,False
static3d_h_07,H,7,train,H\h7.txt,3677,3,False
static3d_h_08,H,8,train,H\h8.txt,3401,3,False
static3d_h_09,H,9,train,H\h9.txt,3977,3,False
static3d_h_10,H,10,train,H\h10.txt,3756,3,False
static3d_h_11,H,11,train,H\h11.txt,3377,3,False
static3d_h_12,H,12,validation,H\h12.txt,3441,3,False
static3d_h_13,H,13,validation,H\h13.txt,5568,3,False
static3d_h_14,H,14,test,H\h14.txt,5351,3,False
static3d_h_15,H,15,test,H\h15.txt,5401,3,False
static3d_i_01,I,1,train,I\i1.txt,1687,3,False
static3d_i_02,I,2,train,I\i2.txt,2786,3,False
static3d_i_03,I,3,train,I\i3.txt,2729,3,False
static3d_i_04,I,4,train,I\i4.txt,1350,3,False
static3d_i_05,I,5,train,I\i5.txt,2183,3,False
static3d_i_06,I,6,train,I\i6.txt,4845,3,False
static3d_i_07,I,7,train,I\i7.txt,3351,3,False
static3d_i_08,I,8,train,I\i8.txt,1997,3,False
static3d_i_09,I,9,train,I\i9.txt,3357,3,False
static3d_i_10,I,10,train,I\i10.txt,2229,3,False
static3d_i_11,I,11,train,I\i11.txt,1910,3,False
static3d_i_12,I,12,validation,I\i12.txt,3876,3,False
static3d_i_13,I,13,validation,I\i13.txt,2681,3,False
static3d_i_14,I,14,test,I\i14.txt,1598,3,False
static3d_i_15,I,15,test,I\i15.txt,2686,3,False
static3d_l_01,L,1,train,L\l1.txt,2004,3,False
static3d_l_02,L,2,train,L\l2.txt,1603,3,False
static3d_l_03,L,3,train,L\l3.txt,3839,3,False
static3d_l_04,L,4,train,L\l4.txt,2217,3,False
static3d_l_05,L,5,train,L\l5.txt,4548,3,False
static3d_l_06,L,6,train,L\l6.txt,5929,3,False
static3d_l_07,L,7,train,L\l7.txt,3883,3,False
static3d_l_08,L,8,train,L\l8.txt,3371,3,False
static3d_l_09,L,9,train,L\l9.txt,3746,3,False
static3d_l_10,L,10,train,L\l10.txt,3305,3,False
static3d_l_11,L,11,train,L\l11.txt,3029,3,False
static3d_l_12,L,12,validation,L\l12.txt,3313,3,False
static3d_l_13,L,13,validation,L\l13.txt,4549,3,False
static3d_l_14,L,14,test,L\l14.txt,4224,3,False
static3d_l_15,L,15,test,L\l15.txt,4580,3,False
static3d_m_01,M,1,train,M\m1.txt,2053,3,False
static3d_m_02,M,2,train,M\m2.txt,2537,3,False
static3d_m_03,M,3,train,M\m3.txt,3380,3,False
static3d_m_04,M,4,train,M\m4.txt,1612,3,False
static3d_m_05,M,5,train,M\m5.txt,2704,3,False
static3d_m_06,M,6,train,M\m6.txt,4670,3,False
static3d_m_07,M,7,train,M\m7.txt,3736,3,False
static3d_m_08,M,8,train,M\m8.txt,2030,3,False
static3d_m_09,M,9,train,M\m9.txt,2366,3,False
static3d_m_10,M,10,train,M\m10.txt,2806,3,False
static3d_m_11,M,11,train,M\m11.txt,1290,3,False
static3d_m_12,M,12,validation,M\m12.txt,3207,3,False
static3d_m_13,M,13,validation,M\m13.txt,2030,3,False
static3d_m_14,M,14,test,M\m14.txt,4009,3,False
static3d_m_15,M,15,test,M\m15.txt,1642,3,False
static3d_n_01,N,1,train,N\n1.txt,1816,3,False
static3d_n_02,N,2,train,N\n2.txt,1453,3,False
static3d_n_03,N,3,train,N\n3.txt,2999,3,False
static3d_n_04,N,4,train,N\n4.txt,2044,3,False
static3d_n_05,N,5,train,N\n5.txt,3410,3,False
static3d_n_06,N,6,train,N\n6.txt,3996,3,False
static3d_n_07,N,7,train,N\n7.txt,3197,3,False
static3d_n_08,N,8,train,N\n8.txt,1635,3,False
static3d_n_09,N,9,train,N\n9.txt,3224,3,False
static3d_n_10,N,10,train,N\n10.txt,3255,3,False
static3d_n_11,N,11,train,N\n11.txt,2604,3,False
static3d_n_12,N,12,validation,N\n12.txt,1635,3,False
static3d_n_13,N,13,validation,N\n13.txt,2728,3,False
static3d_n_14,N,14,test,N\n14.txt,2399,3,False
static3d_n_15,N,15,test,N\n15.txt,3197,3,False
static3d_o_01,O,1,train,O\o1.txt,2222,3,False
static3d_o_02,O,2,train,O\o2.txt,2778,3,False
static3d_o_03,O,3,train,O\o3.txt,3124,3,False
static3d_o_04,O,4,train,O\o4.txt,1924,3,False
static3d_o_05,O,5,train,O\o5.txt,2499,3,False
static3d_o_06,O,6,train,O\o6.txt,3745,3,False
static3d_o_07,O,7,train,O\o7.txt,2996,3,False
static3d_o_08,O,8,train,O\o8.txt,2405,3,False
static3d_o_09,O,9,train,O\o9.txt,2187,3,False
static3d_o_10,O,10,train,O\o10.txt,2481,3,False
static3d_o_11,O,11,train,O\o11.txt,2308,3,False
static3d_o_12,O,12,validation,O\o12.txt,2335,3,False
static3d_o_13,O,13,validation,O\o13.txt,3084,3,False
static3d_o_14,O,14,test,O\o14.txt,3185,3,False
static3d_o_15,O,15,test,O\o15.txt,3981,3,False
static3d_p_01,P,1,train,P\p1.txt,1324,3,False
static3d_p_02,P,2,train,P\p2.txt,2162,3,False
static3d_p_03,P,3,train,P\p3.txt,2930,3,False
static3d_p_04,P,4,train,P\p4.txt,1521,3,False
static3d_p_05,P,5,train,P\p5.txt,3368,3,False
static3d_p_06,P,6,train,P\p6.txt,4013,3,False
static3d_p_07,P,7,train,P\p7.txt,3060,3,False
static3d_p_08,P,8,train,P\p8.txt,1834,3,False
static3d_p_09,P,9,train,P\p9.txt,3142,3,False
static3d_p_10,P,10,train,P\p10.txt,2823,3,False
static3d_p_11,P,11,train,P\p11.txt,2657,3,False
static3d_p_12,P,12,validation,P\p12.txt,2961,3,False
static3d_p_13,P,13,validation,P\p13.txt,3387,3,False
static3d_p_14,P,14,test,P\p14.txt,3241,3,False
static3d_p_15,P,15,test,P\p15.txt,3747,3,False
static3d_r_01,R,1,train,R\r1.txt,1752,3,False
static3d_r_02,R,2,train,R\r2.txt,2723,3,False
static3d_r_03,R,3,train,R\r3.txt,2553,3,False
static3d_r_04,R,4,train,R\r4.txt,2190,3,False
static3d_r_05,R,5,train,R\r5.txt,3404,3,False
static3d_r_06,R,6,train,R\r6.txt,2609,3,False
static3d_r_07,R,7,train,R\r7.txt,1807,3,False
static3d_r_08,R,8,train,R\r8.txt,2259,3,False
static3d_r_09,R,9,train,R\r9.txt,3479,3,False
static3d_r_10,R,10,train,R\r10.txt,3154,3,False
static3d_r_11,R,11,train,R\r11.txt,1992,3,False
static3d_r_12,R,12,validation,R\r12.txt,3175,3,False
static3d_r_13,R,13,validation,R\r13.txt,3103,3,False
static3d_r_14,R,14,test,R\r14.txt,3794,3,False
static3d_r_15,R,15,test,R\r15.txt,3009,3,False
static3d_s_01,S,1,train,S\s1.txt,2242,3,False
static3d_s_02,S,2,train,S\s2.txt,2623,3,False
static3d_s_03,S,3,train,S\s3.txt,2788,3,False
static3d_s_04,S,4,train,S\s4.txt,2039,3,False
static3d_s_05,S,5,train,S\s5.txt,2230,3,False
static3d_s_06,S,6,train,S\s6.txt,3979,3,False
static3d_s_07,S,7,train,S\s7.txt,2954,3,False
static3d_s_08,S,8,train,S\s8.txt,2383,3,False
static3d_s_09,S,9,train,S\s9.txt,2390,3,False
static3d_s_10,S,10,train,S\s10.txt,2860,3,False
static3d_s_11,S,11,train,S\s11.txt,2347,3,False
static3d_s_12,S,12,validation,S\s12.txt,2756,3,False
static3d_s_13,S,13,validation,S\s13.txt,3732,3,False
static3d_s_14,S,14,test,S\s14.txt,2205,3,False
static3d_s_15,S,15,test,S\s15.txt,3888,3,False
static3d_t_01,T,1,train,T\t1.txt,1597,3,False
static3d_t_02,T,2,train,T\t2.txt,2748,3,False
static3d_t_03,T,3,train,T\t3.txt,2683,3,False
static3d_t_04,T,4,train,T\t4.txt,2344,3,False
static3d_t_05,T,5,train,T\t5.txt,2302,3,False
static3d_t_06,T,6,train,T\t6.txt,4277,3,False
static3d_t_07,T,7,train,T\t7.txt,3295,3,False
static3d_t_08,T,8,train,T\t8.txt,2815,3,False
static3d_t_09,T,9,train,T\t9.txt,2678,3,False
static3d_t_10,T,10,train,T\t10.txt,2477,3,False
static3d_t_11,T,11,train,T\t11.txt,2050,3,False
static3d_t_12,T,12,validation,T\t12.txt,2478,3,False
static3d_t_13,T,13,validation,T\t13.txt,3559,3,False
static3d_t_14,T,14,test,T\t14.txt,2948,3,False
static3d_t_15,T,15,test,T\t15.txt,3685,3,False
static3d_u_01,U,1,train,U\u1.txt,1851,3,False
static3d_u_02,U,2,train,U\u2.txt,1849,3,False
static3d_u_03,U,3,train,U\u3.txt,2734,3,False
static3d_u_04,U,4,train,U\u4.txt,2089,3,False
static3d_u_05,U,5,train,U\u5.txt,5662,3,False
static3d_u_06,U,6,train,U\u6.txt,7078,3,False
static3d_u_07,U,7,train,U\u7.txt,3417,3,False
static3d_u_08,U,8,train,U\u8.txt,2613,3,False
static3d_u_09,U,9,train,U\u9.txt,2090,3,False
static3d_u_10,U,10,train,U\u10.txt,3399,3,False
static3d_u_11,U,11,train,U\u11.txt,3163,3,False
static3d_u_12,U,12,validation,U\u12.txt,2530,3,False
static3d_u_13,U,13,validation,U\u13.txt,3631,3,False
static3d_u_14,U,14,test,U\u14.txt,2972,3,False
static3d_u_15,U,15,test,U\u15.txt,3715,3,False
static3d_v_01,V,1,train,V\v1.txt,2516,3,False
static3d_v_02,V,2,train,V\v2.txt,3145,3,False
static3d_v_03,V,3,train,V\v3.txt,3342,3,False
static3d_v_04,V,4,train,V\v4.txt,2674,3,False
static3d_v_05,V,5,train,V\v5.txt,4630,3,False
static3d_v_06,V,6,train,V\v6.txt,3896,3,False
static3d_v_07,V,7,train,V\v7.txt,3117,3,False
static3d_v_08,V,8,train,V\v8.txt,2394,3,False
static3d_v_09,V,9,train,V\v9.txt,2339,3,False
static3d_v_10,V,10,train,V\v10.txt,3302,3,False
static3d_v_11,V,11,train,V\v11.txt,2992,3,False
static3d_v_12,V,12,validation,V\v12.txt,3390,3,False
static3d_v_13,V,13,validation,V\v13.txt,3470,3,False
static3d_v_14,V,14,test,V\v14.txt,4276,3,False
static3d_v_15,V,15,test,V\v15.txt,3704,3,False
static3d_w_01,W,1,train,W\w1.txt,1899,3,False
static3d_w_02,W,2,train,W\w2.txt,3706,3,False
static3d_w_03,W,3,train,W\w3.txt,3862,3,False
static3d_w_04,W,4,train,W\w4.txt,3159,3,False
static3d_w_05,W,5,train,W\w5.txt,4951,3,False
static3d_w_06,W,6,train,W\w6.txt,6589,3,False
static3d_w_07,W,7,train,W\w7.txt,4100,3,False
static3d_w_08,W,8,train,W\w8.txt,5620,3,False
static3d_w_09,W,9,train,W\w9.txt,3308,3,False
static3d_w_10,W,10,train,W\w10.txt,3671,3,False
static3d_w_11,W,11,train,W\w11.txt,3432,3,False
static3d_w_12,W,12,validation,W\w12.txt,3768,3,False
static3d_w_13,W,13,validation,W\w13.txt,3865,3,False
static3d_w_14,W,14,test,W\w14.txt,4490,3,False
static3d_w_15,W,15,test,W\w15.txt,4434,3,False
static3d_y_01,Y,1,train,Y\y1.txt,2385,3,False
static3d_y_02,Y,2,train,Y\y2.txt,2981,3,False
static3d_y_03,Y,3,train,Y\y3.txt,3363,3,False
static3d_y_04,Y,4,train,Y\y4.txt,2609,3,False
static3d_y_05,Y,5,train,Y\y5.txt,3365,3,False
static3d_y_06,Y,6,train,Y\y6.txt,5374,3,False
static3d_y_07,Y,7,train,Y\y7.txt,3331,3,False
static3d_y_08,Y,8,train,Y\y8.txt,1874,3,False
static3d_y_09,Y,9,train,Y\y9.txt,2856,3,False
static3d_y_10,Y,10,train,Y\y10.txt,2690,3,False
static3d_y_11,Y,11,train,Y\y11.txt,2559,3,False
static3d_y_12,Y,12,validation,Y\y12.txt,2087,3,False
static3d_y_13,Y,13,validation,Y\y13.txt,4299,3,False
static3d_y_14,Y,14,test,Y\y14.txt,2692,3,False
static3d_y_15,Y,15,test,Y\y15.txt,2665,3,False
