sample_id,label_lsm_static,performer_index_unverified,source_v1_relative_path,source_v1_sha256,canonical_relative_path,canonical_sha256,source_centroid_x,source_centroid_y,source_centroid_z,source_radius,content_duplicate_group_size,is_duplicate_content,is_quarantined_duplicate_copy,split,dataset_doi,license
a1,A,1,A\a1.txt,f9c9751d45d0e32ef9451f88954ad8f02d04da36bd4af81a5f491328c29f4760,A\a1.npy,6950e0bd3384de5c2cf959183fedb104a527757975ea9ed1a7be3de22a6ebaf0,-4.944375890310427e-09,-6.18046990800371e-10,-1.8541409141619002e-09,0.999999791499621,2,True,False,unassigned,10.17632/sjt79hnb2f.2,CC BY 4.0
a10,A,10,A\a10.txt,fe3f5ad41b890204eada2fbd7443974ab179778692ab3498f3942d0cefa48494,A\a10.npy,e044dd153731c07f7e258a23b4176ed5f39fc510e473d85e1d21a6da1dbd45c3,-2.5740025076346727e-09,6.006005813068492e-09,-5.148005144970996e-09,1.0000004394200719,1,False,False,unassigned,10.17632/sjt79hnb2f.2,CC BY 4.0
a11,A,11,A\a11.txt,cb81d16bad2f119b851539b9bef98677eb32d045c51864cc83157dbe76ddd513,A\a11.npy,caa9638700141a084eb9c559a3f385acc63f2cb4500599c47e2ca1ed73cf2462,-2.3923444141441187e-09,1.5948963458612897e-09,-7.974481729285699e-10,1.0000002792001348,1,False,False,unassigned,10.17632/sjt79hnb2f.2,CC BY 4.0
a12,A,12,A\a12.txt,d8f2f12d1721391cadd84a49619d906119eabc8e4d9c9a0e773bbc76243240cc,A\a12.npy,6a284d62c3a7c05871ab84d115c7a103d2c18bc66f3ae2de7ad1b11af29941b6,0.1063563573684572,-0.1481893007962312,0.7645734227401596,0.09239711969431565,1,False,False,unassigned,10.17632/sjt79hnb2f.2,CC BY 4.0
a13,A,13,A\a13.txt,00fa8746ca140991ce67171714d796c2efd9531383c645df168c403cd78aa21a,A\a13.npy,cb5c1a7ff573ef40b12b7f0fe7c6f4438e6041a7f1e50d15e739d39904c016e9,-0.04469044958385171,-0.0675745281549368,0.7635401193245572,0.09213557129611644,1,False,False,unassigned,10.17632/sjt79hnb2f.2,CC BY 4.0
a14,A,14,A\a14.txt,cd2bbdae6362ca98a1832ece0d009e54f0dd4de9d25774d746b0b50034b314f4,A\a14.npy,f58d031557dfcde6467fbc71dd396b6ba0d60bd57ec9c1a177d564eb9498e23c,-5.359317895844325e-09,-2.1924482429844757e-09,2.9232642943125007e-09,0.9999997664216682,1,False,False,unassigned,10.17632/sjt79hnb2f.2,CC BY 4.0
a15,A,15,A\a15.txt,de11fda8e64be27d49c5e695036a0113fb19aaaa5926231f6df29ff2b072cc88,A\a15.npy,126597513d2a98aec25867a2ea7cf00b506645aa4351b3ba90ec058c37168d02,-6.5434951771028425e-09,-5.388760611993092e-09,3.849114691986416e-09,1.0000003516046585,1,False,False,unassigned,10.17632/sjt79hnb2f.2,CC BY 4.0
a2,A,2,A\a2.txt,df9e87606aaaf3a07df5279e3dbd2ebc50ad39d2174c21450d4cb9cee04d358f,A\a2.npy,aed2ee0e7548f1299d7e35b9bf1f577d7172a686ba8787378f64610c21a656fb,8.011445144702957e-09,-2.575107292621826e-09,-1.7167382033589173e-09,1.0000001338389304,1,False,False,unassigned,10.17632/sjt79hnb2f.2,CC BY 4.0
a3,A,3,A\a3.txt,e90140eb1faf82e6edaafe39fcb10233bff4be5e256f6f672012ae983cbcbf28,A\a3.npy,fe871f358b220a67093169f890d7615a6ffb3f364a723a435d2ffb075070a2af,-9.180327679723317e-09,6.557376977659402e-10,-1.0491803255575437e-08,0.999999507060818,1,False,False,unassigned,10.17632/sjt79hnb2f.2,CC BY 4.0
a4,A,4,A\a4.txt,bada9cabbeb8cd0fa410009f566875501c21b920d4d972b08b458b939c73dca5,A\a4.npy,2140a8cb562e4702e5bda25e08df2ebc49e8c7b039321c9fe69f9d0082afe18d,0.10756148815877546,0.005505809044428528,0.7624074937828723,0.06574428296283742,1,False,False,unassigned,10.17632/sjt79hnb2f.2,CC BY 4.0
a5,A,5,A\a5.txt,7554e95638fc0b6dafd82992bbc83431fb9283ef555c5b45505adddf262d65e7,A\a5.npy,ba7864f2ad7eee0d720f37c726b2e29b2ea80c144ae50797b0a57e79d8d96388,0.03606837045669716,0.1241186894144426,0.7662847642870227,0.09306167393955192,1,False,False,unassigned,10.17632/sjt79hnb2f.2,CC BY 4.0
a6,A,6,A\a6.txt,be2f0679cfab4cfd6a81b59cbb058b42b68bb8e2f79347dbde2f31c37767cce6,A\a6.npy,855afc7f65093dd3deb872c8d696f934c4e7a8db5685e37f193498c75fdc392e,3.807106669234607e-09,-2.749576822746224e-09,5.710659883803028e-09,1.0000000155579556,1,False,False,unassigned,10.17632/sjt79hnb2f.2,CC BY 4.0
a7,A,7,A\a7.txt,ee6394127a72068a88a7fd3959e5c62c00f18ba0a8720d5ea8565d437e51c4ca,A\a7.npy,b1cc3f809e3f3d752e4ffa52edfe2c77a0f7837b04d17791dacfa32a6d5a678c,-1.2257906240259354e-09,-7.354743837322894e-10,-2.2064231659422305e-09,0.9999998649594707,1,False,False,unassigned,10.17632/sjt79hnb2f.2,CC BY 4.0
a8,A,8,A\a8.txt,f75a8cec8daf995c5043e95725f024e65c6676b1c78f60036c1dce5600389a72,A\a8.npy,70f0713178846d5acdf02553f90f31240877bef4ace8718fdc78c85acc8b36f1,1.7857145739279862e-09,-8.928574426802069e-10,8.482142872020398e-09,0.9999995918078747,1,False,False,unassigned,10.17632/sjt79hnb2f.2,CC BY 4.0
a9,A,9,A\a9.txt,f9c9751d45d0e32ef9451f88954ad8f02d04da36bd4af81a5f491328c29f4760,A\a9.npy,6950e0bd3384de5c2cf959183fedb104a527757975ea9ed1a7be3de22a6ebaf0,-4.944375890310427e-09,-6.18046990800371e-10,-1.8541409141619002e-09,0.999999791499621,2,True,True,unassigned,10.17632/sjt79hnb2f.2,CC BY 4.0
b1,B,1,B\b1.txt,ce0642964bccc3c6cd3d1da8796f7c7e2dfe99f14b55e4a3e5091114b69342b9,B\b1.npy,868acce65daa648db07542e55157199e354296aaab85ff8b8a476ef0146afab6,-1.6471608143737975e-08,3.4677074985040602e-09,3.901170345887768e-09,1.0000001341257574,1,False,False,unassigned,10.17632/sjt79hnb2f.2,CC BY 4.0
b10,B,10,B\b10.txt,d8f44add505df1659a507693e859dd673a845be75bf861c61add9617c168e1ae,B\b10.npy,a16a3b7e839260190a97193617f6b99c20c6fcdd276b7bf034a183b1e6afecfb,0.039146239583750936,-0.14646461414415496,0.7873600599904242,0.09101238456328839,1,False,False,unassigned,10.17632/sjt79hnb2f.2,CC BY 4.0
b11,B,11,B\b11.txt,e4f087a464b26170e2a0e213b1ba979b5e95545653ab39ee0a351d01c2cb44c5,B\b11.npy,e21f0d830687c9e191d7f3f6d46775d4ae8d20160575215678e9b237238bc269,0.012407867338307253,-0.17307492905356375,0.7801862402703289,0.08735292177878763,1,False,False,unassigned,10.17632/sjt79hnb2f.2,CC BY 4.0
b12,B,12,B\b12.txt,582fceef39848174e4e60c4f80e36eb2263359b54f29b26a7b2369b26d02b73e,B\b12.npy,c3eb86afc032f0343d279d3d06449c8d819e6713aff09c06f000ad25bad9efbb,0.08469345251923568,-0.18088969334077928,0.7792437660163603,0.09175862711311397,1,False,False,unassigned,10.17632/sjt79hnb2f.2,CC BY 4.0
b13,B,13,B\b13.txt,4db207b16a36fbcce06b4766f2be872d0147a3abf11bb3d00ad16968a2a7c5aa,B\b13.npy,1e591ec1e9dd706b05c0489c732ff963f5ef6fd0a03441f2ed5ffb22654c660d,0.058669479863855054,-0.09606875138073288,0.7485087322641496,0.09951177351070643,1,False,False,unassigned,10.17632/sjt79hnb2f.2,CC BY 4.0
b14,B,14,B\b14.txt,d8a473f325aecea50ac0509ff8e570718fb515d750ec19c4af502db2c249f9df,B\b14.npy,75d5ef9cf1ae5016bdfe7d951031e6753abea3cdfaf2377206f1cec4b3680136,-0.051735758880827744,-0.0848690347050782,0.7761830287684993,0.09991004478419846,1,False,False,unassigned,10.17632/sjt79hnb2f.2,CC BY 4.0
b15,B,15,B\b15.txt,5ddd3a962484a1b690bd29e91b614d241688ca834d4475846f41ce14b98c97a6,B\b15.npy,36ea5c9862124014ff4ea0979dfcf95afabb77baf6d88e9618c1d8ffb563c9ef,0.07821393728855473,-0.06415481689372897,0.7596742161602325,0.09910875810344794,1,False,False,unassigned,10.17632/sjt79hnb2f.2,CC BY 4.0
b2,B,2,B\b2.txt,1fbf9a108a43ce263606de906c9efe9621cdbb06455fd211b0b985be9d78d3d7,B\b2.npy,7c59b18ea53c766fccb472dd621a4fd2ab51da01497c34c7ebb76fba47872788,4.500450194904099e-10,8.550854559472747e-09,-5.625562564642105e-09,0.9999998991316215,1,False,False,unassigned,10.17632/sjt79hnb2f.2,CC BY 4.0
b3,B,3,B\b3.txt,9b4b5d5eab3d3e5268639c42c51d7a95bd9b505547edb9b210351befaa5dcd7a,B\b3.npy,c04edeb2f4538528a3a2fe258ce6ad3844427d25dec43025c4a86c666b0aebdb,-2.4841915367221725e-09,-3.1616978622668644e-09,-4.742547410052965e-09,0.9999997838440368,1,False,False,unassigned,10.17632/sjt79hnb2f.2,CC BY 4.0
b4,B,4,B\b4.txt,c6e8e47035dd2a6eb6b301aa5a7ad9403c9bd2bbd0bc20d05a49e123c8880125,B\b4.npy,7ac0c751d862fa5e958e36dc54830891714f4c2b11877e2f702de1ecdc93ce09,-3.951007535364664e-09,-3.951009838452364e-10,1.5804030005630699e-09,1.0000004978301984,1,False,False,unassigned,10.17632/sjt79hnb2f.2,CC BY 4.0
b5,B,5,B\b5.txt,1e2912fc9d7db1c9c25cb3a484fe188aeac4755f29a09593726ef8f6fd675d9c,B\b5.npy,6afd0f9670a26b0975862cb2d5869971824a58c65d01da7dd9eaf2add804be3f,-3.615328984195148e-09,-4.519160647790772e-09,3.6153290564037966e-10,1.0000000489480827,1,False,False,unassigned,10.17632/sjt79hnb2f.2,CC BY 4.0
b6,B,6,B\b6.txt,18d2c43aadedcd9061df05fafa85ddb6050e8b0bb3ae44cc2edd41653066f040,B\b6.npy,bf2157a22c197d629122d49ec9c99baf1a17347973581f0a90366773e470661d,2.3160762966285034e-09,-1.2261580868113765e-09,-4.087193468727634e-09,0.9999996482891435,1,False,False,unassigned,10.17632/sjt79hnb2f.2,CC BY 4.0
b7,B,7,B\b7.txt,a1798fd55a0360f595d7dcd4f2b5563bda8effff597963e5c893832d1a4962f6,B\b7.npy,c68c27457631dbf9edcba101f1699d2d3a766d4198d74bb74fb94e66ca5d3c28,-2.7542790478336374e-09,1.7706081303958497e-09,-1.5738736938771508e-09,0.9999998644472674,1,False,False,unassigned,10.17632/sjt79hnb2f.2,CC BY 4.0
b8,B,8,B\b8.txt,0e9147b236fd82f486631353346369e4b89573a29543f5dad61d9f776885aa66,B\b8.npy,c703bc728f6b74f6292e4b02f5d01939d30893ebd069f31c8f825f87729e5a84,7.647598638636936e-09,4.536665390927758e-16,5.506271029428697e-09,1.0000002179909957,1,False,False,unassigned,10.17632/sjt79hnb2f.2,CC BY 4.0
b9,B,9,B\b9.txt,7467d8c71dd67721a4de12ece58b099fe7b62e8f23f58fd6d94786f7964d4fd3,B\b9.npy,c7d65ea5cfc2a2b88a2d665a03439db0397c218b1c2874be870704ac2ddce8fe,4.0609136958945e-09,-4.6700504830643366e-09,-1.2182741126034096e-09,1.0000003338307704,1,False,False,unassigned,10.17632/sjt79hnb2f.2,CC BY 4.0
c1,C,1,C\c1.txt,ee775542b0b05329375b9909d6af612cc849217157b0405bc08e93c4c5686eed,C\c1.npy,61d976a81e453fb3f55a9492535defb3a2faf070cc25053a2d528b8b60a07aa9,-0.004249230981474188,-0.0017469672841939296,-0.00035502404414663037,0.9941677965253243,1,False,False,unassigned,10.17632/sjt79hnb2f.2,CC BY 4.0
c10,C,10,C\c10.txt,6ff44bacfcecbbc7bdbf68945e8674973ea2ad9fcc3d0db1111308bf18786ff1,C\c10.npy,7ecbfae8e5f2f188505f93787d33a28a12c975cc712849d5914f57843c60774f,-0.003688982575435602,-6.031874203142718e-05,-0.00026072460688482174,0.9991478832923162,1,False,False,unassigned,10.17632/sjt79hnb2f.2,CC BY 4.0
c11,C,11,C\c11.txt,882a59d2573052ce8fc336542409bfc93a4bdff05a3e5ae304fe108c0b9f47eb,C\c11.npy,7d08c070ac871e1f26cca29de4376bad50d6991eec3b038c567b7c8f1660a54b,0.0026186538249862437,-0.011316631535498072,-0.0010675159603742393,1.0097167427823388,1,False,False,unassigned,10.17632/sjt79hnb2f.2,CC BY 4.0
c12,C,12,C\c12.txt,031d7b7cb4e95a63e97d897c421d833a234fe2832070eca873fdc60deb89a8ba,C\c12.npy,cb7fd6abff87b9c5a037e633b52c02ed06ddf28646f68cc667a1824b3e646109,-4.678860070078731e-09,-3.402807176116086e-09,1.2760527630164788e-09,1.0000003026651725,1,False,False,unassigned,10.17632/sjt79hnb2f.2,CC BY 4.0
c13,C,13,C\c13.txt,26428a7603df560ff951b1ca25e3d620459207a4bbfa200d6bc9724d1f669bf8,C\c13.npy,08777b8ee5d2c4432bcf712e52ca2c1507e2925bc55b3072a5ce22d5b7b92d2b,0.12450845012060689,-0.15026093910795638,0.7736123477227926,0.08679282748659008,1,False,False,unassigned,10.17632/sjt79hnb2f.2,CC BY 4.0
c14,C,14,C\c14.txt,1bd5736bae2cb9c356ca031abc0673cf9fd8d70e76dfbfd51fa2fac5480f479d,C\c14.npy,7a8273648c5cffe01d528f2da0839f83f12a038951b39e0c9dd532ced83060c1,8.179959118110959e-09,8.520791288368852e-09,2.7266530369386e-09,1.0000001129150644,1,False,False,unassigned,10.17632/sjt79hnb2f.2,CC BY 4.0
c15,C,15,C\c15.txt,16f06935ca0ca36d805b4461c00807bfbfbb58eea5d90cd24e708e6918d81659,C\c15.npy,a6f4e68091e8d0a01fe586a06098c77d7fb5e977951f1d54c970b9d8c6631693,0.1114311655535184,-0.14218331254758707,0.7849954486600096,0.09109634559105685,1,False,False,unassigned,10.17632/sjt79hnb2f.2,CC BY 4.0
c2,C,2,C\c2.txt,a6c3fbef3a519505fc39cd417dd12c182e8e9057cf42a1dbbb06abb3434a26c7,C\c2.npy,b5e27b873d11195762342859846cb14f2a773beda4e92ecbfc60da363b0c4bfb,-4.677580857748584e-09,-4.677580647240209e-09,7.016371510858344e-09,0.9999999399251659,1,False,False,unassigned,10.17632/sjt79hnb2f.2,CC BY 4.0
c3,C,3,C\c3.txt,b17cf79ca732d49a1286de80e746db25f1b6a8055b148442be4ba8346f061754,C\c3.npy,3ff579eda8be40480812cf9fd14849dc2855986a74a2a769e2554c0ddbda9207,-3.2829940433401428e-09,-3.28299526369248e-09,-7.222586997790171e-09,1.0000004356613823,1,False,False,unassigned,10.17632/sjt79hnb2f.2,CC BY 4.0
c4,C,4,C\c4.txt,6a3f8f43d9d0ff1669304919d234dc929af23a8cd0c85dde38c72c58bdeeb339,C\c4.npy,f72f69df11294305a4e10f950fe50cd4ea9ad4d4e0ce7f306c5dfa498a102488,4.8100048910568355e-09,2.8860025001512046e-09,1.2987012997352544e-08,0.9999997114161868,1,False,False,unassigned,10.17632/sjt79hnb2f.2,CC BY 4.0
c5,C,5,C\c5.txt,d6977cb8f070fdec7621206a0aa0a9c6b49da893c4cf3f99a4793eb6c6f014dd,C\c5.npy,38953db14802066e1e0405edc31a09a05613066f16145d619b90d86aaaf96bed,1.824262837949444e-09,-3.0404364978874923e-10,-7.297050820677558e-09,0.9999996934617397,1,False,False,unassigned,10.17632/sjt79hnb2f.2,CC BY 4.0
c6,C,6,C\c6.txt,bcad3af10bb664b2b253abbe98be9fa869499a236ef7f103947dcbc8057209a7,C\c6.npy,e357403496e3cbef826f9e7be7bc1e3a640f0df46fba0a7d604849a0b4e7cadb,-2.50234599820286e-09,-9.38379600451176e-10,4.6918986609060206e-09,1.0000004197646837,1,False,False,unassigned,10.17632/sjt79hnb2f.2,CC BY 4.0
c7,C,7,C\c7.txt,db6f0a5eb7c2bcd108f2c3f9b019099cf7b1b26bbfd0702248fa987f951e1171,C\c7.npy,3d287f525378838d34ebaa4c34632d1632c5fdb2c435808b2093e4a9167d800c,-0.007172116591928248,-0.003168190262652152,-0.0038438853299167324,0.9979921000517026,1,False,False,unassigned,10.17632/sjt79hnb2f.2,CC BY 4.0
c8,C,8,C\c8.txt,6e5e597f1b2889eceb800007c4194e8d65d0f6a6c0aaa3053ddd0e5da128bbc1,C\c8.npy,5641e6a3b4c7d6f28ce728dc1be555abd1efcd34e0c15b35313d6245194485e5,-0.011061712026480314,5.947774917251405e-06,-0.0001888782640676735,0.9921411182873124,1,False,False,unassigned,10.17632/sjt79hnb2f.2,CC BY 4.0
c9,C,9,C\c9.txt,6ef1aa699a047ddc09d7e744cc36045674f4c716355441880436cdf74e093484,C\c9.npy,8700ec0c1228b97268f719318c993de2b7147230f6a96a2f83386714aa0883c7,-0.0025772547348484848,-0.00437461773989898,-0.004390565025252536,1.0036551551460364,1,False,False,unassigned,10.17632/sjt79hnb2f.2,CC BY 4.0
d1,D,1,D\d1.txt,d36ab7a2a382cdaf3a3b3d0d5594028487464fb087e734909d198df7df2725df,D\d1.npy,0fa24db6f966b437fdbc0e458ec6f5676ad9b7a6cc7afa8e4018a83640588159,0.1406972315984073,-0.013084777670324226,0.7728356421615493,0.07200227635732144,1,False,False,unassigned,10.17632/sjt79hnb2f.2,CC BY 4.0
d10,D,10,D\d10.txt,146681deaa3baabe8971f99573e1f7c8f779fb35308c2e753262bfd4aae51d0e,D\d10.npy,3671dacb3e2698456af4b5d96aaef83130d8aeeb598eae72e69234d990b71b3d,0.050293571204953445,-0.16533310706281426,0.7603884061737183,0.09474365095126097,1,False,False,unassigned,10.17632/sjt79hnb2f.2,CC BY 4.0
d11,D,11,D\d11.txt,bdd7d00e9f18331621ef8a5c44858380549bdcfdcdcfa1f6c861214d457358d2,D\d11.npy,7603784b683a470553553519fad325db5a53e2ba619c07f27bbb25ecb4c7305e,0.025078177207793546,-0.1382263613183375,0.7610270264010266,0.08667970826593174,1,False,False,unassigned,10.17632/sjt79hnb2f.2,CC BY 4.0
d12,D,12,D\d12.txt,f6c65eda0c6db3322f1ff098dfd276dc304bcd9d795f47e0f1630931a6461e60,D\d12.npy,9305d7d44faf0c253e8649044ca94cb5816f850cf0026f2795d8dd4bb54935e5,0.02538524295340498,-0.1395064373364412,0.7497989799473043,0.08662155264954548,1,False,False,unassigned,10.17632/sjt79hnb2f.2,CC BY 4.0
d13,D,13,D\d13.txt,a8318e17b6575ed61c5c195711b4458a254ebeea4b5a294714336a3f2f68eb7f,D\d13.npy,d2475e66b2641a709034adf1f9a500d1c00f481beb4e87c43f95639f96a30907,0.20869114073294412,-0.24091241204678426,0.759024595898632,0.09410002744613598,1,False,False,unassigned,10.17632/sjt79hnb2f.2,CC BY 4.0
d14,D,14,D\d14.txt,d9e793398ab9ca60b8f8e16a00dc99099a83736bb9edfe276d69e92b588cc417,D\d14.npy,8fe5ba2a5d7f6a0f2acb31f854f118650fc314215a44cadee0c771fcf19c331c,-0.0008931722222222176,-0.0033639534188034136,0.0026528179487179506,1.0038453040040058,1,False,False,unassigned,10.17632/sjt79hnb2f.2,CC BY 4.0
d15,D,15,D\d15.txt,836e7f4eca4935b2a5fe94847c1c9265ac99d53d7c67ea7760f152ceb7ebd506,D\d15.npy,0251c8554ea331f3a743c730d474dd7754e652524c6e29214927c1b496a00be0,2.6269702306871204e-09,3.794512559517383e-09,6.4214827789070285e-09,0.9999995759061667,1,False,False,unassigned,10.17632/sjt79hnb2f.2,CC BY 4.0
d2,D,2,D\d2.txt,cd00e2ae365d1adce14c374748dee8af0a6ea02ab25496db34ffe681a1a24d66,D\d2.npy,b6e1852d091347662949298d565dbfb9483f1382c1e0a012ea5d56292dab5ef6,1.2420022569174294e-08,6.021829349724108e-09,1.4360924944518572e-17,1.0000003331383749,1,False,False,unassigned,10.17632/sjt79hnb2f.2,CC BY 4.0
d3,D,3,D\d3.txt,b42f565e409243d760a12e604ba3c805cfd631f9762dc31a4dd92c090338d804,D\d3.npy,ccce7e288dd33ae39ff80bf28b1aca5cc41855500aa25ee64b541cebf5f2cfd6,0.00560937496210973,-0.005280253107002122,-0.00234937617459836,1.004053159871062,1,False,False,unassigned,10.17632/sjt79hnb2f.2,CC BY 4.0
d4,D,4,D\d4.txt,cd610ae46855353e251b0e175ad803a722bd966c4ca8d89382838eee59f93882,D\d4.npy,9435d3c8e14d012a5d9f63f9fb9813469772e881d5b3c4be25f6b3a3c0619685,4.083484648726431e-09,1.6333937909579758e-08,-1.361161545293764e-09,0.9999997215847172,1,False,False,unassigned,10.17632/sjt79hnb2f.2,CC BY 4.0
d5,D,5,D\d5.txt,25fc49595cd0492cca33e15f0abd7dace2676a9237c7affaf4b1dee0e69988fd,D\d5.npy,53734a1b5b7797411e5f18ef729d455d6c15e79e139db8cbba4e1b01bbbbb319,-0.002370221276595749,-0.005874975177304962,0.0036682539007092197,1.005924300687445,1,False,False,unassigned,10.17632/sjt79hnb2f.2,CC BY 4.0
d6,D,6,D\d6.txt,44303f9aa4fa713c2ea5044482250870a5e8450dc86be6e32d4ad8dfa0bc9b3e,D\d6.npy,8fdd20bd3d1b471f8daaf428106d6a312d24c38efc990050c9bb74d85c626cb6,7.353736696854508e-18,9.34143524638433e-10,2.101821564449904e-09,0.9999998613943716,1,False,False,unassigned,10.17632/sjt79hnb2f.2,CC BY 4.0
d7,D,7,D\d7.txt,c81b955a028e18ce0192d670bed2d90c65c7b09e24d45fb53f7d158c7a869eb7,D\d7.npy,317c76592f6bde289c8d04bd036e8cafdb0b0e0ce47b3670fcd69dfbcc8cc0dd,5.963029484157351e-10,1.7889088540190928e-09,3.875968976785281e-09,0.9999998679578221,1,False,False,unassigned,10.17632/sjt79hnb2f.2,CC BY 4.0
d8,D,8,D\d8.txt,8545003e28fb02cadc50c4b1c910a6e39ca3a164675239bd4975c89cdc4bac28,D\d8.npy,280ebe35580d38c52047ecc8ad138d4de87734ed48ac01bc2e83d95b2673b299,-1.0131712756739666e-09,5.065859152855276e-10,-7.598784210504894e-09,0.9999996760256631,1,False,False,unassigned,10.17632/sjt79hnb2f.2,CC BY 4.0
d9,D,9,D\d9.txt,cc2939197fa9e44d78c18e750ab638263bd5e82f105dd8647c47db085551f7a5,D\d9.npy,7773fae60783ccf2d1aee909263ef9ddaef3d811203f1ca71ca75b24c1c7861b,-1.2319063220332233e-09,-8.931320674990307e-09,9.239297967176531e-10,1.0000006006033026,1,False,False,unassigned,10.17632/sjt79hnb2f.2,CC BY 4.0
e1,E,1,E\e1.txt,a39b5c050451a7b331bccd547bf6f8310b14213f55ad4daf433b9d05c999a993,E\e1.npy,b5cb1e690bc49c385cd67bce34e5133cf30581199294d299b7de3adadd311d63,3.925967468706723e-09,-3.3651147099117426e-09,-1.6825574676593865e-09,0.9999999110547065,1,False,False,unassigned,10.17632/sjt79hnb2f.2,CC BY 4.0
e10,E,10,E\e10.txt,39c53aa783b69bb685927a3d0b0fd65796d8debfa9c7d635ed3641eee03db6f4,E\e10.npy,f4c4c8564ae1e3d83d8c6ecbfbeb3aa4a0052c0aed852221f764b728d9d342ce,3.984063769104822e-09,6.742261482968003e-09,1.2258657593359886e-09,0.999999810826222,1,False,False,unassigned,10.17632/sjt79hnb2f.2,CC BY 4.0
e11,E,11,E\e11.txt,a1c790cd826e10e7248fb306526e60fe039301b47f33c771e64d5618e02953c8,E\e11.npy,a04019ee582b4e4455e9dc9fe2c604516459d8b10cbdb21486d6da4eeebbac53,-8.349568706054129e-10,-4.174785196115227e-09,-8.349568466698017e-10,1.000000023447229,1,False,False,unassigned,10.17632/sjt79hnb2f.2,CC BY 4.0
e12,E,12,E\e12.txt,4de4297e45927bcc977876f02bfc248522a3975ec368d770ad3b25a8391eaf85,E\e12.npy,370587e1f75e3fb7ed7d0a85871a2eec129c724a60449c40f64789924d986700,1.3030303039626796e-08,6.363636616613773e-09,-5.151515165000682e-09,0.9999996400897796,1,False,False,unassigned,10.17632/sjt79hnb2f.2,CC BY 4.0
e13,E,13,E\e13.txt,90872d30d13d8d9e9d08b763201755d717cad27861cf392be3aeffc7fff85a32,E\e13.npy,db249e58449012f89f17c96dbc408026bc663a205372ed6986800dce31be171b,3.2057325480450577e-09,9.428625508731472e-10,-4.1485951000752325e-09,0.9999996412351045,1,False,False,unassigned,10.17632/sjt79hnb2f.2,CC BY 4.0
e14,E,14,E\e14.txt,6aa0b353c01b66cc4c6e1f6420bedea1506082f6704603aa7a9165e6981dcb71,E\e14.npy,3cdfebf36558f9048d6149ba3cf1a8a50cd409db67bf1dfae7533bd7cb3db0bb,-9.087154083238902e-09,-3.097893290074091e-09,4.1305246373299355e-10,1.0000003632556802,1,False,False,unassigned,10.17632/sjt79hnb2f.2,CC BY 4.0
e15,E,15,E\e15.txt,3ede019c72ff8119d71766520779d27856dbd4663388ddbe9b54c1e7ca3a8145,E\e15.npy,fa930a97cea044308d42dea2e8b47a81984c9b46441f1aab004eeaaffafc8d54,-1.8871483625116737e-09,-6.416305039460214e-09,-8.11473865304262e-09,0.9999995449879854,1,False,False,unassigned,10.17632/sjt79hnb2f.2,CC BY 4.0
e2,E,2,E\e2.txt,695d01ef6b555c644e091932105a767a707e452936e57cfa1cb873d3a5935b9d,E\e2.npy,6fcf8b8b0c20c0d08408cccb89f09527fd9859295311dbee55ab68d37854a3f7,0.006984979139244735,0.032346670671039315,0.7607055597947313,0.06201722559005516,1,False,False,unassigned,10.17632/sjt79hnb2f.2,CC BY 4.0
e3,E,3,E\e3.txt,0f2a10d50b095a1e754004206f65d3b14bf37fffe3422c2a381cd7c968ee255d,E\e3.npy,9beeac00e530fa9528b6c1d8ceda71b9fdd7122176b646e606ad1f5b7237091c,2.3584905674002342e-09,4.716980997506379e-09,2.620545179061456e-10,0.999999296684212,1,False,False,unassigned,10.17632/sjt79hnb2f.2,CC BY 4.0
e4,E,4,E\e4.txt,e8877a8adc0e8f65a412c5f1a58b506043dffbe215dab0f16ee6a96a8be4a567,E\e4.npy,e722544a62a125c3c27363c2975855d37b29827b492b575531b4edc6096df4b9,0.007114635350318471,0.004196006900212309,-0.001960988322717622,0.9980064259479365,1,False,False,unassigned,10.17632/sjt79hnb2f.2,CC BY 4.0
e5,E,5,E\e5.txt,6fb5a36239120a77bae1bfe1bd48345e028a0bf4f78735c7f9ecf9e56ae8bb08,E\e5.npy,0404e05b4723fb6d128798cf09ed0ac51af47d43708634fde521f56452c41bbf,2.505763018295127e-17,2.2826707316350144e-09,-4.945786550268203e-09,1.000000407559261,1,False,False,unassigned,10.17632/sjt79hnb2f.2,CC BY 4.0
e6,E,6,E\e6.txt,08106104452af788bca85be48518c8e12bb52ced702657bd461098d75bff034e,E\e6.npy,0d53397c109698bdb437f6ae9f6b0612ca63eca7889772e7cae81f39f697e268,9.20598390047902e-09,7.397665435694525e-09,-4.931777184279312e-10,1.0000002687777283,1,False,False,unassigned,10.17632/sjt79hnb2f.2,CC BY 4.0
e7,E,7,E\e7.txt,de79199de996cb2137a22ccd117669c0c5cdc32a31b5fb0aa730c9e9c81a1219,E\e7.npy,ab06d2517d709cef78ee8f2c77d89a74403dec600288548d69e9d3e2bf330ca4,-6.5124635103532626e-09,-3.817651136580157e-09,4.266786439578748e-09,1.0000002303091116,1,False,False,unassigned,10.17632/sjt79hnb2f.2,CC BY 4.0
e8,E,8,E\e8.txt,d785f4bdb643d15f6b66ce5caf23540eae1cea20ce173b63006f8575f36455e1,E\e8.npy,4a588cf0b28ac42fc070895ebae26f66c6ff83b29d44e4ea9de32766bfba9de1,-5.977011445166576e-09,9.195402312999163e-09,3.2183907788233276e-09,1.0000002739513951,1,False,False,unassigned,10.17632/sjt79hnb2f.2,CC BY 4.0
e9,E,9,E\e9.txt,56de1baf85f4f797d346db39b72d5c9f30b294f9334a057441b0dd59011a56dd,E\e9.npy,46443def5e68995da46ae1a7b16415f1a333ad145859420c7fa4157d7e648f46,-0.010761648405349837,-0.01075798739711933,-0.0009800946502057594,0.9981471144730718,1,False,False,unassigned,10.17632/sjt79hnb2f.2,CC BY 4.0
f1,F,1,F\f1.txt,d3093271c61aaed5f92ab41d3f8c65356e395a60b2c3fc244e7951a20193d703,F\f1.npy,7a47d059d930b62ee6d6b70cbb12499a23970ed1ce85cfeb1187567165834a2c,-0.00434625639894087,-0.00665006487202118,0.0010186632833186211,1.0059370850469485,1,False,False,unassigned,10.17632/sjt79hnb2f.2,CC BY 4.0
f10,F,10,F\f10.txt,578b532e513aaf44ac1c670bd85304d9222eddd814e509996bc619fe655a70c1,F\f10.npy,901ad2f4dcd6a763828911d301dc722b922c48605aa939667c19c4bb94c035dc,-1.6299918527870226e-09,-2.1733230960003582e-09,2.7166530779316467e-09,1.0000003005072695,1,False,False,unassigned,10.17632/sjt79hnb2f.2,CC BY 4.0
f11,F,11,F\f11.txt,680321d80070b097d15171e690a40bbefd90ff91025cfb46100c4558083fff65,F\f11.npy,68a834569bb1f4bcbb8a397824e6c00d7559743602a02034d9b200a4c61b830d,-8.090614891077976e-09,-2.265372259215758e-09,1.2944983845236302e-09,1.0000000251472267,1,False,False,unassigned,10.17632/sjt79hnb2f.2,CC BY 4.0
f12,F,12,F\f12.txt,7d036605d2e5aa703e500d27d66f3ca256e71a29f7e1d5211df636959e2611cc,F\f12.npy,e0db3e3794fe73a9c2b216b0aea202a34ffbbfc42c751f1bf39f8e4ea497b15e,-1.5010351967143717e-08,-3.881987355965368e-09,2.0703933701065676e-09,0.9999995276718436,1,False,False,unassigned,10.17632/sjt79hnb2f.2,CC BY 4.0
f13,F,13,F\f13.txt,bf863517f5d34488d9aeafb5fcd3a52807dbfa05d08820951e7c786491793b2b,F\f13.npy,d5a20e7f94f9867e95f75afd2de31e9fbba8cce6645e1222f17561e653cc7801,-7.328447696889056e-09,-6.662220743250327e-10,-5.996002663079291e-09,1.000000298052992,1,False,False,unassigned,10.17632/sjt79hnb2f.2,CC BY 4.0
f14,F,14,F\f14.txt,ae5ec28e22299e7625548d89fddb0f372ab9874c6b568dd7f6787795c1eff4e4,F\f14.npy,60a4560a9540a7fa0821f060ce2d50be7357ec06c0b9681cc772908944aa17ee,1.0900140689586529e-08,-1.4064696929374725e-09,3.5161743803197416e-09,1.000000279682918,1,False,False,unassigned,10.17632/sjt79hnb2f.2,CC BY 4.0
f15,F,15,F\f15.txt,fa9c28fdc820c3f0eeb576473cf22fabe6b70bfc84e0d3d38947c5943432cec0,F\f15.npy,ae59d52b8072de4215ac436f0dd57967281f78d37e1c4ba3ec2019a10965b9e6,-0.008364781026640657,-0.001056718323586755,0.00017723261858349835,0.993795400806572,1,False,False,unassigned,10.17632/sjt79hnb2f.2,CC BY 4.0
f2,F,2,F\f2.txt,01de5e029df3142d51422a2374640126dab2641db1f60980f8d1fe19712bec72,F\f2.npy,77780e4088512ceec3a35193c697868436f1fff4d7e911a4219c53782a8a3a18,-0.003132463087248328,-0.005244664124466147,-0.0008440866381940222,1.0052907304540986,1,False,False,unassigned,10.17632/sjt79hnb2f.2,CC BY 4.0
f3,F,3,F\f3.txt,3be50a18e6bbf43b094d03f89db004d9f2f407f9acb42b7984b5496d012f5886,F\f3.npy,8ac42a8cc6ae1adcf6a1ba1ca4456237d7fff18c4c784ecf3f0a344b7c1491f5,-1.0925976417426261e-09,-4.643540284601475e-09,-1.912045888106294e-09,0.9999999243931491,1,False,False,unassigned,10.17632/sjt79hnb2f.2,CC BY 4.0
f4,F,4,F\f4.txt,fe0c8c417b5f194a1a3de361adae04145f5e3f634d342a6db081e5118e798f4d,F\f4.npy,63012fec7b9831a59e8f8d6565764e7d4db31d058d02de567a4848421c77ed2b,-4.5269350225814863e-10,-4.5269351185009356e-09,8.14848346978381e-09,0.9999996061195314,1,False,False,unassigned,10.17632/sjt79hnb2f.2,CC BY 4.0
f5,F,5,F\f5.txt,b0fcc4d6c38afd650e0587dbac8315a77fc655a43228e48685870812c30d1a4e,F\f5.npy,dcfc66fff9cec0dd637247e1ab3029579f20a9c0d9a3f56b1896072822f3e023,3.5287198721856815e-09,-3.920802500328915e-10,-3.7247598890949494e-09,1.000000397511397,1,False,False,unassigned,10.17632/sjt79hnb2f.2,CC BY 4.0
f6,F,6,F\f6.txt,aa82ae954d9a097eb7154286792c4978752ca0eb9aa7385cb1eb3016cedbcbe7,F\f6.npy,b05b75525378ca79cec451b6f79984db337e78d5db993a49fe143cffe721dbe5,-6.14533731288745e-10,3.533569508469633e-09,3.0726685863885077e-10,1.0000003023186927,1,False,False,unassigned,10.17632/sjt79hnb2f.2,CC BY 4.0
f7,F,7,F\f7.txt,cd7e284845b3b4e9d4632dae004d595e4250f75086ac221eca74f0b6463be272,F\f7.npy,4280c23d582ddca6684e295fc925f3397be0aa58c89c5b9c663777834d5695c3,2.308935540607509e-09,-6.234125981392288e-09,2.0780420329410578e-09,0.9999999479251179,1,False,False,unassigned,10.17632/sjt79hnb2f.2,CC BY 4.0
f8,F,8,F\f8.txt,23bca9e51568a798a7aac85d109ad9442e71225c0032221e9a4badee5de197a0,F\f8.npy,15a23ecd48c2a0825b78fb948abc1861fcce8c2ee37aa0041971cedcc1224704,-5.397301356384064e-09,-2.9985003211020727e-09,-5.99700149878303e-09,0.9999999079669335,1,False,False,unassigned,10.17632/sjt79hnb2f.2,CC BY 4.0
f9,F,9,F\f9.txt,592f544827a34fcaadf2df9c690bd7f498e7453d74d149da169e11ec92a8a048,F\f9.npy,248012dd194783d4c750bf1b1c3661c50649b018fc30f02863b8f4d73cc0036d,-2.491280492701283e-09,1.993024623181173e-09,-5.231689094257291e-09,0.9999999030684269,1,False,False,unassigned,10.17632/sjt79hnb2f.2,CC BY 4.0
g1,G,1,G\g1.txt,1becccc5a58cde04b7e3e97b5e459006ab26310ffe5dc306ac278f6623e795b3,G\g1.npy,4e42bc378332bb5d267ca8896daa90c87c36271254a13c6d6d656a0b7778914a,3.097345139083574e-09,3.984030411376115e-17,2.2566371675488242e-08,1.0000002697719594,1,False,False,unassigned,10.17632/sjt79hnb2f.2,CC BY 4.0
g10,G,10,G\g10.txt,1c985fb4ba524a451a32c1f2a55922883493859206e584854f720c81391250e1,G\g10.npy,036e4ad63e6d02fe1d385da7dadc6d8e8a4e5c9ea819c8804aab54359348ad0f,0.09513684255899994,-0.20567149865237397,0.7844933981954957,0.10034766979990856,1,False,False,unassigned,10.17632/sjt79hnb2f.2,CC BY 4.0
g11,G,11,G\g11.txt,63297c3e10d7ea0f67acded9e43036f3900efbc398f5238cee5ae29cc4063ff5,G\g11.npy,2844cce7ebf0226ffeb6aa14ae9cc3a849d44b289447c43a6c224cee78f46eea,-0.00017862645218945668,-0.010393909442954997,0.0014136672624367015,0.9987424098850887,1,False,False,unassigned,10.17632/sjt79hnb2f.2,CC BY 4.0
g12,G,12,G\g12.txt,93572a2817d0e4e44e8f7ccee330c083de1aadb0ac1263cc52063a9fdfedbcc8,G\g12.npy,f4d5fc22c5ce69adaa70a4ce7aebc19ce4c008546878eb73c2e9260fbceb8c65,-0.0050268240088105695,-0.000719772687224654,0.00040076387665198245,0.999133237040652,1,False,False,unassigned,10.17632/sjt79hnb2f.2,CC BY 4.0
g13,G,13,G\g13.txt,36e0b9f925265e9af3dff1da53f930eeeff1190369b81980db1d3930608fe186,G\g13.npy,3baf60b6e977f0ae992f8ebef086ffe254d0b59fa7c38c6c464676ed3dd467e9,-0.00048521516944594674,-0.007207499462076385,-0.0006677910166756386,1.0070545303333476,1,False,False,unassigned,10.17632/sjt79hnb2f.2,CC BY 4.0
g14,G,14,G\g14.txt,ed345be0e085176530926b3720c1a52748ccc3f85dcbb075d2ec93baa3d47f21,G\g14.npy,7960a12f5084c7aff932dd537aaf99aa57a03500cb2e075ec57524b4853fa267,-0.021447503351133823,-0.1335462306060555,0.7689836736291713,0.1134388504440369,1,False,False,unassigned,10.17632/sjt79hnb2f.2,CC BY 4.0
g15,G,15,G\g15.txt,a393a12cc4e24948992246402f0b7d4ec76f1ce39f3afcd3136c6cab46fd99b5,G\g15.npy,fddd7c95b9070fe468223ecaad445efbdc3f5ce5a5e477f93b63d7f71a62070f,0.08509609928039515,-0.12050527370558516,0.7809377471661588,0.09731087091865517,1,False,False,unassigned,10.17632/sjt79hnb2f.2,CC BY 4.0
g2,G,2,G\g2.txt,88472dfec8ddf843322e4ef112ec3ea9dee5bf9fd2153c0f175b09741d6f1acc,G\g2.npy,75d99ca74f17b92ef90b9365cebfe0aa0dca626dcfdd0e63172b4a302fc8f16f,6.365740406764651e-09,1.157407501790372e-09,-2.8935183481410485e-10,0.9999995283798648,1,False,False,unassigned,10.17632/sjt79hnb2f.2,CC BY 4.0
g3,G,3,G\g3.txt,8fe261c6e046f7fc08fc859449907ee89a828015409d2047d76bc1d046412c21,G\g3.npy,0237ee87f48d88e0185e5f5962895d76389d21a3345ff001d1348c4a6cdc9660,-2.8752185413064217e-10,-5.750433683951388e-10,2.8752155488435855e-10,1.0000002442026903,1,False,False,unassigned,10.17632/sjt79hnb2f.2,CC BY 4.0
g4,G,4,G\g4.txt,b3620a608ac22f61f69120cf81894954c13f1a45a0700463abf145657d0b1a24,G\g4.npy,827f7bee7e3e1b36707992cabd4ed897a2796c29f87973740f0f1a6ef73268bf,3.3932811603934727e-09,1.0179842313524919e-09,6.786562878610913e-10,0.9999998850814752,1,False,False,unassigned,10.17632/sjt79hnb2f.2,CC BY 4.0
g5,G,5,G\g5.txt,09ea590e3e78b18944849e9026aeff93584e1b0dd2492b3dcb3bd2eb5c2670da,G\g5.npy,375a9dacae48e294f6157db7aa56200436e19ed948ea655704e4945a1fab1140,-0.0026863830645161317,-0.003857361223118291,0.00020881283602150637,1.0004050246374887,1,False,False,unassigned,10.17632/sjt79hnb2f.2,CC BY 4.0
g6,G,6,G\g6.txt,1f15940b867c93395f9e2214117cc53f807ec212ff14c325fa0aabeadf021ace,G\g6.npy,00b115d9c3bf578b4f98dab14a9737ee24a58d6ac1afc2bbb68b0a1dfb0573d4,-3.66233415559939e-10,1.6480496471473337e-09,1.0986998713925164e-09,1.0000002844781135,1,False,False,unassigned,10.17632/sjt79hnb2f.2,CC BY 4.0
g7,G,7,G\g7.txt,569e8de45889cc1e9480bfc48ae53b900eef99c01ccd92a8c5a633d4c0013b8e,G\g7.npy,ee7169de89b963202f0029dd0d0da8f4b292d9d9113fdfe77e657b35ae1856a8,-9.915013988543657e-09,-2.8328603381879904e-10,-2.2662889562192572e-09,1.0000003070948116,1,False,False,unassigned,10.17632/sjt79hnb2f.2,CC BY 4.0
g8,G,8,G\g8.txt,13a986f7ee1b96b0d58289281c8cfccad37d76d3e584c494253aec83926019e4,G\g8.npy,ec2806404470393a51becceb5e63b36e1a4759661b35fe37a5388596ba86b0cb,-4.576659102510816e-09,-3.922850763815538e-09,5.884275907673198e-09,1.0000000623030252,1,False,False,unassigned,10.17632/sjt79hnb2f.2,CC BY 4.0
g9,G,9,G\g9.txt,2bbcc8f6d03d45543f16dc906a1853268c621832083ec0050f9a7d999d55f87e,G\g9.npy,871b5d5c81916e96627013028640a6af74c34a7b15885ae226b755a93e2c872d,-1.249687548838847e-09,-1.2496879026894847e-09,-6.99825044257971e-09,0.9999997610753693,1,False,False,unassigned,10.17632/sjt79hnb2f.2,CC BY 4.0
h1,H,1,H\h1.txt,f52f874ddfd61e156b11fd8726ab29892f6f1bde5f673a989edd1e155243162d,H\h1.npy,734da81087e50fbe0c94c4141439f4bde5a455c30143285cd2f00ef901d5ac9c,2.1459227261154837e-09,6.437768213502521e-09,4.291845485012029e-09,1.0000003487821818,1,False,False,unassigned,10.17632/sjt79hnb2f.2,CC BY 4.0
h10,H,10,H\h10.txt,d3449bff231abedf42b8a13dc2cafa4f4a23b04901d4d878c0be2f9974e49801,H\h10.npy,6f0c681d1314dca65fa46bcef92ac95783b0cc1065bfbc0b27e5eb3dc4556513,0.057973603850457855,-0.24483543088391924,0.7724758041000954,0.0892046951390974,1,False,False,unassigned,10.17632/sjt79hnb2f.2,CC BY 4.0
h11,H,11,H\h11.txt,0e4456ec522bd15aba5f839cd50d10c7e66a30fffa83f38264a37c3b1ab88bff,H\h11.npy,f8cf7bc20b00bbc2b41ea9977b87b9a6bba2d455a01ce5fb844ce6d0a57ba535,-0.055346254166174016,-0.23879233911755893,0.7790648804530629,0.09020627026839845,1,False,False,unassigned,10.17632/sjt79hnb2f.2,CC BY 4.0
h12,H,12,H\h12.txt,85231370685c2089714633815843f41b3bfe84e1830f0d0cf23f0e28a5ca168b,H\h12.npy,402f43bea1c616c53eb41569625f2d7b6dc9946b2c9661191a29dec6c3419e19,0.08324269575791898,-0.27396775112467087,0.7748372863789486,0.08090440806637972,1,False,False,unassigned,10.17632/sjt79hnb2f.2,CC BY 4.0
h13,H,13,H\h13.txt,a0d232e356ccdc635ba033ff99ae9717a5c2769121055e2efcf6220e19219fd3,H\h13.npy,d12865c27c1493b274a5470c93a8e3b9ff3947e9357a1939d44bc9800178bf3a,0.05171758698082613,-0.1178751485019753,0.7806577192169498,0.1137643681439055,1,False,False,unassigned,10.17632/sjt79hnb2f.2,CC BY 4.0
h14,H,14,H\h14.txt,c509ccec0cb60a7b361e60ad86ae316927adb2b6617a1afa1a9f05fa3a7ae7af,H\h14.npy,40a6d3ef3fb375d875b46034763f06545ee1f87872baf351915cb1166796ab05,2.803214561086154e-09,3.924499986348651e-09,-9.344047910158153e-10,0.9999998279396394,1,False,False,unassigned,10.17632/sjt79hnb2f.2,CC BY 4.0
h15,H,15,H\h15.txt,71908fb456f9c00db30f369fb6e23b4541f3468db2f04a0b577b1118f9ffd469,H\h15.npy,5ce8102b42c3a272b1a33d0d65a5d9af87c5a3b4a1bc3378d51c1a13e0f8929a,1.8515101402511628e-10,-9.257543041107506e-10,-5.739677844457946e-09,0.9999999828498172,1,False,False,unassigned,10.17632/sjt79hnb2f.2,CC BY 4.0
h2,H,2,H\h2.txt,f463e00ab6d6fa3975105f5c8a54aa68e3855957b84b3cbe1d99cd3d25522379,H\h2.npy,da2378d8b33887c86736ba8967570488602a6a58b0b7a47d91e3700dcba862c9,1.451800371720155e-09,-1.2485482022858207e-08,3.193960509723241e-09,1.0000001456297785,1,False,False,unassigned,10.17632/sjt79hnb2f.2,CC BY 4.0
h3,H,3,H\h3.txt,c7cc2ce4d962db26db763c86cfaaeab92f9c0c18185dc94b093f688f76c92547,H\h3.npy,d55eebee1c2185f066459ead71d2544945871cfd8ea67ae9e8e8e151b7b326ca,1.5873014505665798e-09,5.820105919201983e-09,-3.703703683867311e-09,1.0000005388874127,1,False,False,unassigned,10.17632/sjt79hnb2f.2,CC BY 4.0
h4,H,4,H\h4.txt,f1e918b1811b66d97d8703c1c7cf4b2f3b0c442c0796e385169926cccef4493e,H\h4.npy,fef2d650a156e7d5a07779d021abf1efd6c0eddbae477d39a0ef3e18fc6ac0d9,-6.0321721226557384e-09,1.0723860594548202e-08,-5.026809649870405e-09,1.0000002626778266,1,False,False,unassigned,10.17632/sjt79hnb2f.2,CC BY 4.0
h5,H,5,H\h5.txt,4ab666c9f5f24a44c10c149e1f83646c5c5199155d8a7429899535f06c50f38c,H\h5.npy,13ed670601a087baa70d876fd1f0f554fe34a42c775674c93f9a0c6c43af462c,-2.308983775659017e-09,5.4575985529034985e-09,7.976490304169975e-09,1.0000002875861562,1,False,False,unassigned,10.17632/sjt79hnb2f.2,CC BY 4.0
h6,H,6,H\h6.txt,3239443ab434a7aed2aaffcc06c04e8ed930051b0f36cde943755381bf8741a7,H\h6.npy,413c5b3e5385618541251c0985aeeab59a361e97b79bb31d5db1dded5c40e619,2.419842667761736e-09,-4.83968556619447e-09,2.4198427081651563e-09,1.0000002934824836,1,False,False,unassigned,10.17632/sjt79hnb2f.2,CC BY 4.0
h7,H,7,H\h7.txt,8baf1f226103bd416729585cbb80578ad1827b6acaf5cb37a102d6f58f08130b,H\h7.npy,4554bdacdc82c11cd8e5c22b49760115487a69f9f61bee3f1d3a383744c9db3c,-2.7196086889769887e-10,-8.158826123846125e-10,-7.0709817865492525e-09,0.9999999740555884,1,False,False,unassigned,10.17632/sjt79hnb2f.2,CC BY 4.0
h8,H,8,H\h8.txt,5c68acf7e6fbdba2d916b0fab6d616a5de976398f792b2a28ed7ad13493a41b3,H\h8.npy,1f41ad2b392adbd81c19455b9385ec8f7c0aec72df7c3530c32281931a721ef1,5.880623573282924e-10,2.3522495492544297e-09,1.76418698712854e-09,0.9999997276259937,1,False,False,unassigned,10.17632/sjt79hnb2f.2,CC BY 4.0
h9,H,9,H\h9.txt,e2424dc0bc41cae9da472615e984ce14d6b4786feee98a993ac5a72af27e6b99,H\h9.npy,39fb8226dd86cd39e4f573169dc5919d6fb38b02905eb1c3f85a5df45b9358be,3.771686727347754e-09,-9.554941221270552e-09,-7.0404827928161834e-09,1.0000003490647178,1,False,False,unassigned,10.17632/sjt79hnb2f.2,CC BY 4.0
i1,I,1,I\i1.txt,ced277f3d06e345ca6650c4196270c6148c11fb92711c5bb052888a6f55e6eed,I\i1.npy,36a301423ba78f860f631c8bd725578a69b2c6cc7b85c3b99097041d70c56d8d,-2.699875494086962e-17,-8.891523358595942e-09,3.556609354043738e-09,0.9999997859874472,1,False,False,unassigned,10.17632/sjt79hnb2f.2,CC BY 4.0
i10,I,10,I\i10.txt,01d30bd74b83ae7aab859e3c9603b72802372a98f0d00a987480026da63a3ca8,I\i10.npy,76f624138f84f7fb9e4d5f71d59514ce15e83171d0d35f1423894f78889d9505,-3.589053382889225e-09,6.729475103127962e-09,-7.178106772717344e-09,0.9999997823911855,1,False,False,unassigned,10.17632/sjt79hnb2f.2,CC BY 4.0
i11,I,11,I\i11.txt,c734e2b8109e18029137c53fb3dbc165413424d0727eba6c11436829f5856d9a,I\i11.npy,146c997bb7a2f750cdc0392666a88d6ef9c7eddf05785f1028a6f5bce8dcd9a4,5.759162295285881e-09,8.900523563662341e-09,-3.6649214647079924e-09,0.9999999989293111,1,False,False,unassigned,10.17632/sjt79hnb2f.2,CC BY 4.0
i12,I,12,I\i12.txt,10ee4a8c5b1f13f51e922c2c2817d9a91367edea7ba857f2673f9c349b36d774,I\i12.npy,364c91ec405c9568423798a2ac4ea6bf364741a0f75337f8bb92ce8113526c34,7.739938101770914e-10,3.3539731748561454e-09,-2.579979376476606e-10,0.9999999114494323,1,False,False,unassigned,10.17632/sjt79hnb2f.2,CC BY 4.0
i13,I,13,I\i13.txt,a8fc9068cd686ea2751a5be79266d213ce5e471b9d0a747dbf8fb5b7af0e5bc6,I\i13.npy,d41ce413e3fc1596805c52e700687365000197d51025b86af80eb69ecda20be1,-8.623795034620994e-18,5.221932113666111e-09,5.2219321116551e-09,1.000000307015471,1,False,False,unassigned,10.17632/sjt79hnb2f.2,CC BY 4.0
i14,I,14,I\i14.txt,62f479ec60936eab1db5e8a32d1a0032d32c455ce806970e46e1fdb6f0952013,I\i14.npy,d50265d5e4db2eeaf2a8e9a36c829287d098f5caa4c40046ec1320facbbd0e4f,6.883604493966992e-09,-9.38673342801806e-09,1.877346684311362e-09,0.9999998624779293,1,False,False,unassigned,10.17632/sjt79hnb2f.2,CC BY 4.0
i15,I,15,I\i15.txt,8c02880eaa52e9749feea08c0febc264f3d80d38f2949fa36f73c28cfb41462f,I\i15.npy,81d90399ab2fad295f69027cd063edb0cae16ba5b147007f08f4ea8815dd423a,-5.584512288944807e-09,-1.8615040858557888e-09,1.8615040961653163e-09,0.9999996035052743,1,False,False,unassigned,10.17632/sjt79hnb2f.2,CC BY 4.0
i2,I,2,I\i2.txt,6fa3db23b3b74445219dcf2e05d0867b501dd9420cdab166e8472582e18ae0e5,I\i2.npy,0ec1ea0b57ae060eafc33aaa86893eb1737e0c2f1a082e55c3650d78c3c9cc6e,-1.4357502309863898e-09,8.614500829471849e-09,-6.460875788276511e-09,0.9999997802099795,1,False,False,unassigned,10.17632/sjt79hnb2f.2,CC BY 4.0
i3,I,3,I\i3.txt,ec6cd9d550c15240b7451e8afa487184c3190356a056d28069c67c5f3551d1cc,I\i3.npy,22168cd365e4c23f34d3ec1631ea59f12191259b1c3d8596e7c28d801bf9f08a,-9.527299393099593e-09,1.0993034968538529e-09,-4.397215118691584e-09,1.0000003345390291,1,False,False,unassigned,10.17632/sjt79hnb2f.2,CC BY 4.0
i4,I,4,I\i4.txt,ec0fc20d893a0305404762715159cae92de11221f9ebbf02bb7b4880d881cd51,I\i4.npy,bea75bd8660f86894878b372477ff5883d43e3edda4bd28c8d4efc61aca1168d,-6.666666672923478e-09,2.9629629647854585e-09,-7.407407411154108e-10,1.00000024367528,1,False,False,unassigned,10.17632/sjt79hnb2f.2,CC BY 4.0
i5,I,5,I\i5.txt,bbd1c5f5f33a941cd7ad0fe2e32e9f6c61aa43e402d5b43948d5db4dc8c4e2c4,I\i5.npy,191886005cffce9866b5fedc4eb05cb45def384a3d23d5afa34b579d0d31f20e,-4.580852044421372e-09,-4.580852042272635e-09,6.871278057876591e-09,1.000000161481355,1,False,False,unassigned,10.17632/sjt79hnb2f.2,CC BY 4.0
i6,I,6,I\i6.txt,55b4dd7501d2baf01997caf501f7cb28c7ee8c7589a159b9eb646a116e6985a8,I\i6.npy,12667f3d0067dab7e57cd27a4a7f345578e913069adf404d6896ceb239487a8b,-8.668730614645497e-09,-3.5087713716746158e-09,1.6511867513344427e-09,1.000000238369425,1,False,False,unassigned,10.17632/sjt79hnb2f.2,CC BY 4.0
i7,I,7,I\i7.txt,ad0d908bd15ddebc2164d702a9340561f837219ff7c4491a483ce19549626100,I\i7.npy,7cc5383bb91e428e49cac39d0d6e389defbfeab3e3ba5c8b0ea10987c23cbadf,2.0889286709185996e-09,-7.162041370988777e-09,-5.96836769021668e-10,1.0000002161330679,1,False,False,unassigned,10.17632/sjt79hnb2f.2,CC BY 4.0
i8,I,8,I\i8.txt,bb977f807d42a55452c26356f92ab69552813208c38b2015e63d90abb40bfe17,I\i8.npy,5db686194743c2b943c0ad1d180ab829a7fa8a88a943a8f7af2da3c1bccf2a83,-6.509764628324997e-09,4.0060089838923955e-09,-9.013520311955226e-09,1.000000339433925,1,False,False,unassigned,10.17632/sjt79hnb2f.2,CC BY 4.0
i9,I,9,I\i9.txt,3307a0333bc32ec54b3f582cd50230ac1d792eef7fe099bb287dc9b01872c2d4,I\i9.npy,b5947236bee017d6bda0a65e1c604fa681e49f6e796ab6a02112fabc48e2cc8a,-6.851355354450003e-09,-1.191540078003994e-09,-2.0851951299670255e-09,0.9999996630171578,1,False,False,unassigned,10.17632/sjt79hnb2f.2,CC BY 4.0
l1,L,1,L\l1.txt,525d41a8447ce3eb3f74d363f65041dd2fabe427dd2abb65fb1a5a0f151db36a,L\l1.npy,a1ffae14e9f590e95e6d52ebf9e60dec9baab1194bceb8984fda576290bcd3ea,-3.992016043523142e-09,1.2475050010694226e-08,1.3972055867310044e-08,1.0000004237402822,1,False,False,unassigned,10.17632/sjt79hnb2f.2,CC BY 4.0
l10,L,10,L\l10.txt,169a203275d0f0732bc8b3b4fc5a0c4a4441cdb5236094d16c8e13343483adf4,L\l10.npy,7871bbe170eb8b16860914acb7d9f6244fc6db2633d0a79bcb8c18de2bba1074,0.07119139086355819,-0.2268729312768525,0.7788078988895418,0.09748060404381201,1,False,False,unassigned,10.17632/sjt79hnb2f.2,CC BY 4.0
l11,L,11,L\l11.txt,3d0e9593eaea6552e27131956b1a29bc8bae734581dcb2ada68a69c70156b224,L\l11.npy,360ed2e4a51bc36f9252f39f599c2cb0ac80187e8734f364277f3d83d7d59e4b,-3.301419782980353e-10,1.9808518200865803e-09,-6.272697241409803e-09,1.00000023582136,1,False,False,unassigned,10.17632/sjt79hnb2f.2,CC BY 4.0
l12,L,12,L\l12.txt,a7842437fd48ef6420d86f5ffadeae6a76b0486a336d89ad5f1f7a6af0768921,L\l12.npy,d1b825df2db05931b5ae2f7fa4b38ce9b77b243e5ea32c31bb84ba19fed3f61d,0.15137270323815274,-0.20818557929972759,0.7518853346362787,0.09726422607830408,1,False,False,unassigned,10.17632/sjt79hnb2f.2,CC BY 4.0
l13,L,13,L\l13.txt,022834f13fbac29c9741a795d7d2d9c3018bbeb36266af969297c833ec4e9cb3,L\l13.npy,8d54f0e2ffe9aeb62cce489c49bc9c0629622de7d60278e3f620b90858eeb6f0,0.06706095320776198,-0.11719059484062484,0.7751011561178209,0.10529783052709299,1,False,False,unassigned,10.17632/sjt79hnb2f.2,CC BY 4.0
l14,L,14,L\l14.txt,72758f55be24ef9f0d4aaee0da5571cfce90225ef3b952e1cfe6ae4f4af9028d,L\l14.npy,df65a8d16a0c77fb34aa45e8c8f93aba3a2ae61a06c36cf8efa6a8f9c2ce1391,-0.09291679275544498,-0.10190215657220691,0.7565871545193911,0.10755499298690355,1,False,False,unassigned,10.17632/sjt79hnb2f.2,CC BY 4.0
l15,L,15,L\l15.txt,3d7e0326da38085511f45b035e7596878cd2f9722d477fe6c0d61749daf31a1e,L\l15.npy,60c625f3cdd22bd65973b14f1de5ff8dc8ff31dfe76b1467524c081ab1c295f5,1.0917030709368117e-09,6.113537542752156e-09,-2.838427951752308e-09,0.9999995987783277,1,False,False,unassigned,10.17632/sjt79hnb2f.2,CC BY 4.0
l2,L,2,L\l2.txt,3c46d862d31b8c49dc2031ebc60967d930c889cd30344b46b7062321c8c70261,L\l2.npy,2074d4137adb9cd0fc1e8d81aa6ad13ebd47d9479e64f6309b44e593bf677637,-9.981285100893198e-09,6.23830326205454e-10,1.3724267000653873e-08,0.9999998631724603,1,False,False,unassigned,10.17632/sjt79hnb2f.2,CC BY 4.0
l3,L,3,L\l3.txt,b2d0bc5b745bc4203b9cd04af14ef7a3a3c99b5f59534e3fe65bb2827f4bb16b,L\l3.npy,49cc78622ffa3a8aecfd0aa76c9f6f175f0541b6c8b3d167b233a1a33b30033e,4.428236452360873e-09,-2.604844840390302e-09,2.604844936045458e-10,0.9999998136622117,1,False,False,unassigned,10.17632/sjt79hnb2f.2,CC BY 4.0
l4,L,4,L\l4.txt,5d4b12633f7b86f1648cb7bbc070001e107e608b825599f2beace158c57076d3,L\l4.npy,c7ad848a01bf2255efaf197db6bd62073311be49b4cf081318e2a9fa8ee48c86,-0.021062464045096898,0.020767379624903028,0.771443877983758,0.0690499886372486,1,False,False,unassigned,10.17632/sjt79hnb2f.2,CC BY 4.0
l5,L,5,L\l5.txt,6edb6bb7b304fdb236d4b31fc8a60851c05e5f6ce3530ea31bf05d834ba7474b,L\l5.npy,5bc328a6412a505f80b405511402c10f8e702e9733c5eebc5fc8273b78c76bb4,-5.057167940692814e-09,3.078276191092133e-09,3.078276159662666e-09,1.0000002027378578,1,False,False,unassigned,10.17632/sjt79hnb2f.2,CC BY 4.0
l6,L,6,L\l6.txt,b66e433ef22e72c271608db72da1bb3976b1dc3115b6b2e6d28ccfb88e1a9fae,L\l6.npy,0650270340c289e246cb6ea7784b4546a704a5203844bc3afe60af79170960c2,-1.517962673213907e-09,4.385224902979605e-09,-1.0119750387786706e-09,0.9999994908518687,1,False,False,unassigned,10.17632/sjt79hnb2f.2,CC BY 4.0
l7,L,7,L\l7.txt,5112d4f4c049f55d14fa51448357642379da8476d5f318c85e5e4c7630afeec5,L\l7.npy,999a50aad52f02faa097ba3686f74c863aa04ac8f2a78150b3f70e2ba0284471,-3.0903942774146157e-09,3.862992153273805e-09,6.695853713150296e-09,0.9999997429472146,1,False,False,unassigned,10.17632/sjt79hnb2f.2,CC BY 4.0
l8,L,8,L\l8.txt,98d4834023967c41efe48c99e90abed8a6642c23b17ccf49d89979e3615e3049,L\l8.npy,85d4759f1457d9fc64a74a3b63c0d6dfe54ec2c32f27b2c4e28ada419396570e,8.306140687329908e-09,2.220116703944877e-16,7.1195490704668956e-09,1.0000001102347365,1,False,False,unassigned,10.17632/sjt79hnb2f.2,CC BY 4.0
l9,L,9,L\l9.txt,5fe8604ff1e6aec10f619b2a6f9eddfc4dab7995c26409041b8775c19e03ba32,L\l9.npy,a7c263c7294fb1d8ec18bdb924f88034e8d1eb29ca5f65ee6dc5addef966a1a6,-1.0678060289440355e-09,5.339028097246341e-09,8.008542331289502e-10,0.9999997947955006,1,False,False,unassigned,10.17632/sjt79hnb2f.2,CC BY 4.0
m1,M,1,M\m1.txt,d690aabb6474f28dd4c1374c34dcdbdd939234414023c94dc8f20f7826632993,M\m1.npy,7dbf4d8358bd3b8bbd16c0c5af015c8fef5e3bf5a3775434d900de800e118a57,-5.845104737642376e-09,-3.896736409274483e-09,9.74184096600286e-10,1.0000002176472422,1,False,False,unassigned,10.17632/sjt79hnb2f.2,CC BY 4.0
m10,M,10,M\m10.txt,30823603412b579a33f4eddbe573b2fa95b041eea20d3e35f636073ead877306,M\m10.npy,eb0822e165f3a4a320fd9d6302546f7053f28c9499beb4bfe6910d5c9ef549b9,4.989308619593836e-09,7.127583816378444e-10,1.0691375631315461e-09,0.9999996323468808,1,False,False,unassigned,10.17632/sjt79hnb2f.2,CC BY 4.0
m11,M,11,M\m11.txt,ed111325d235c4960e1f1c8f10eb90444ae5d56511bd22b2853459de62a1bdd1,M\m11.npy,8fd62f92814b6c56958ec26042300234fc776dc8653d6409df45b9f4558322ee,-3.875968986851435e-09,-7.751938053570076e-10,-1.0852713178886358e-08,0.9999997315841812,1,False,False,unassigned,10.17632/sjt79hnb2f.2,CC BY 4.0
m12,M,12,M\m12.txt,a2e1315f6054cf202572b25b0dec8cdaf9ee0ba8fb3febb9206197d2b73076a0,M\m12.npy,88e965a517b76700a6c3ec3e90d5c25f4a46ad3f15e98956fc3b3dbaaa74ac47,7.962310435415841e-19,-6.236357818525687e-10,-3.11817896188333e-10,0.9999995597970949,1,False,False,unassigned,10.17632/sjt79hnb2f.2,CC BY 4.0
m13,M,13,M\m13.txt,5370d64e4c273913007b5b7775c280ea6e25df4834847c9371b8bbb5aa553f5d,M\m13.npy,28b584cb2f817dcf986ed6c815c9c738f33c6c2c8b718f7d82411d1b49e379b7,9.359605911052284e-09,3.4482758651761164e-09,-6.403940886432458e-09,1.0000000032642986,2,True,True,unassigned,10.17632/sjt79hnb2f.2,CC BY 4.0
m14,M,14,M\m14.txt,7a090a70668a6dae905f2f62dd183a0d01bab27d9f3a5f349d1ed014c3ae531d,M\m14.npy,61eada9e3956aab8f38612d8506d5a4a744620a7d71fd17d0eef2092c5d19e11,-0.07636881555574943,-0.01731032860731356,0.7621866141805894,0.08016899503721847,1,False,False,unassigned,10.17632/sjt79hnb2f.2,CC BY 4.0
m15,M,15,M\m15.txt,5e5a964d7e19aeff1c065c2bdbcc09f3a9396c28a3967dc8c9ac4451dff515bd,M\m15.npy,fd64ae0b1250db5eb0702a287fa73511ee396f570f399c4c54c3bd494ea70d9a,1.8270401954777378e-09,1.2180268050932124e-09,-6.090133985404726e-10,0.9999999913496248,1,False,False,unassigned,10.17632/sjt79hnb2f.2,CC BY 4.0
m2,M,2,M\m2.txt,f56abb19de24b69fb4d8715e0aa0a889c440cca3421622e31e4666e65171f45d,M\m2.npy,5f02d967e363aec18f634873e9ef53d12705a121ddfe383477b1bba63bfc8262,5.91249509016315e-09,4.3358298572393055e-09,1.1824990146646544e-09,0.9999996295523331,1,False,False,unassigned,10.17632/sjt79hnb2f.2,CC BY 4.0
m3,M,3,M\m3.txt,ba705c836b11c3ccb7a5d04354198b109d24b7e6de5adb03ae04f095f7ea56e9,M\m3.npy,6767b53ae499fb48835f920ff6fa73bfa00a475db2d3ac7bfa83969dc13fa770,-1.8047337274932255e-08,4.142011699372447e-09,5.917159752250144e-09,0.9999998661197306,1,False,False,unassigned,10.17632/sjt79hnb2f.2,CC BY 4.0
m4,M,4,M\m4.txt,261abd9bddd2c9682eb598ed948ab7548ccc63e21183fa16328f92f6534636ed,M\m4.npy,0f3e3db742d69cd3bec3dd80821c8db4ee2ecbf4d38daf9014793bd358307678,-3.101736951529555e-09,-3.1017365231260333e-09,1.8610421865001124e-09,1.0000001334803308,1,False,False,unassigned,10.17632/sjt79hnb2f.2,CC BY 4.0
m5,M,5,M\m5.txt,a5d334d7d789573c34719838217c986af7a87c36620d30b20d62451c3c0f3077,M\m5.npy,2bb0db9c4f9ae934cfc84f05662b9b1e43157898442bc49d2a1054755519ad49,-1.0724852069967085e-08,6.28698223916565e-09,-1.2830794940656857e-18,0.9999997552080455,1,False,False,unassigned,10.17632/sjt79hnb2f.2,CC BY 4.0
m6,M,6,M\m6.txt,c49572afdfb8fe24b841736d71a568286ad828a1d8ad44a6e5088c540f18eb5b,M\m6.npy,c0a2eb5c29efe40d6a5dc8b102289acb0d76e2108518f6eb6813e2d6e068d4ef,4.068522499762412e-09,-6.423984912659388e-10,-3.854389754443168e-09,1.0000001912266,1,False,False,unassigned,10.17632/sjt79hnb2f.2,CC BY 4.0
m7,M,7,M\m7.txt,8e2e780de14c417ed11cc0b3d3cbf845634bada85b38ee4ed29612ce7ea8d728,M\m7.npy,d56e00dfdd398884a29839dba4fc61839dcf991fa22f1819a24b2dffc854f7b8,-1.070663812616218e-08,9.635974303008351e-09,5.353319057858346e-09,0.9999999648836794,1,False,False,unassigned,10.17632/sjt79hnb2f.2,CC BY 4.0
m8,M,8,M\m8.txt,5370d64e4c273913007b5b7775c280ea6e25df4834847c9371b8bbb5aa553f5d,M\m8.npy,28b584cb2f817dcf986ed6c815c9c738f33c6c2c8b718f7d82411d1b49e379b7,9.359605911052284e-09,3.4482758651761164e-09,-6.403940886432458e-09,1.0000000032642986,2,True,False,unassigned,10.17632/sjt79hnb2f.2,CC BY 4.0
m9,M,9,M\m9.txt,b076120150e656b3534de7da504d83443ebbf7bd98ff36907b45dad880c05a55,M\m9.npy,8ffec2dc875169dbf6e9f1f0d347e65241af2e6d48511ec234d38c1a2b0f406a,-5.917159771144113e-09,-8.030431098241353e-09,-7.185122569369748e-09,0.9999994743641751,1,False,False,unassigned,10.17632/sjt79hnb2f.2,CC BY 4.0
n1,N,1,N\n1.txt,77204a416206acdac69e152ccfb217868efae7d0ba4d606d504ab48fe419fa84,N\n1.npy,f7a470673233012535c8f03502157d5efb3e7aec2929a587d9a0fc331854cb41,7.709251093259393e-09,-4.955947172715273e-09,1.651982379131388e-09,0.9999998794869481,1,False,False,unassigned,10.17632/sjt79hnb2f.2,CC BY 4.0
n10,N,10,N\n10.txt,ae9a1d7599b0b13295a1b4da99e4f28b01f7419033e9cf59cbe2497219aa2cd5,N\n10.npy,3e29022912c6784540909d22dc29b11f495090aed986836d5f59ad3479eabf46,0.05610586925775731,-0.15664653929953884,0.7150027988632885,0.08077384384147394,1,False,False,unassigned,10.17632/sjt79hnb2f.2,CC BY 4.0
n11,N,11,N\n11.txt,0c8e3b1855a52893f2813a7b1406c8005892d0f3b991e3ee5bb0ac439adcc2a3,N\n11.npy,77be77065b8913af85fc2b497d8a21e54295bdc6ab9e13746e2aff26126a2219,2.304147468317975e-09,7.680491529190034e-10,3.072196624615825e-09,1.0000000247830796,1,False,False,unassigned,10.17632/sjt79hnb2f.2,CC BY 4.0
n12,N,12,N\n12.txt,96c6470cb45b69099d204a496798aad6c671db965103ee0f4c0a34a8bbab8057,N\n12.npy,5cd43a6790f88e33643a9c3c9e5ba00a6fb83cc8ea40369479ba71ed9f5d4e58,-8.562691141081435e-09,-6.1162079478510345e-09,8.562691131975993e-09,1.0000004606783865,2,True,True,unassigned,10.17632/sjt79hnb2f.2,CC BY 4.0
n13,N,13,N\n13.txt,93a268497711c70bf6a56064cd18a7dc00989aa8d9591d16d3fe5e87ac7f53c7,N\n13.npy,105a2afeca0cbd927ca6d0e327b931ae009ffcc94150a98635fe4c659513926b,2.1994134930754505e-09,1.4662756667440585e-09,-1.099706744406203e-09,1.0000000772188926,1,False,False,unassigned,10.17632/sjt79hnb2f.2,CC BY 4.0
n14,N,14,N\n14.txt,c6a896890257f8d5c02bccd124f2a8949b0f41bcfa34693cf8aeedac826f6e35,N\n14.npy,db55faba8f02f15301a39dcd0532667c964ae495ea5c860e656ac4973ca31444,-8.336807005078174e-09,2.0842017459532923e-09,1.6673614019678165e-09,0.9999996851356375,1,False,False,unassigned,10.17632/sjt79hnb2f.2,CC BY 4.0
n15,N,15,N\n15.txt,37106ea162c66f0a9731750f73c0b137e14d6ae5b4379e8b699a7d1e411852ff,N\n15.npy,2209b77108b580f4df0679f303e4a8d616a9cff1d2866ae87a090e035f88ced2,1.8767594558855413e-09,8.445417555283205e-09,8.445417579643535e-09,1.0000001320877947,2,True,True,unassigned,10.17632/sjt79hnb2f.2,CC BY 4.0
n2,N,2,N\n2.txt,d4c1d04cae8ddee954d108f5182d9f66d503d1e709fd70b7b6acbc23461e85db,N\n2.npy,0f62c7295fd0b1bf51e9b90da0d008a01916415c01f812aab615908e1d023b70,-8.947006200928766e-09,-5.505849967427761e-09,4.1293874750861e-09,0.9999996299333208,1,False,False,unassigned,10.17632/sjt79hnb2f.2,CC BY 4.0
n3,N,3,N\n3.txt,83f32004e8902c92418f635c1008359fc03d64c0ec4a010d34e7b5dbd75dc1a1,N\n3.npy,501c5a0fc24fff23116b56bedae0361d7a35176271d1bf1273327b8ac47035ca,-2.6675558406993067e-09,-3.000999989135819e-09,-3.3344449104873704e-10,0.9999998525189678,1,False,False,unassigned,10.17632/sjt79hnb2f.2,CC BY 4.0
n4,N,4,N\n4.txt,8b62be0b3855d6adfaa00b9209f6cb679d6e53691df2c4b16b11204ffa104cf9,N\n4.npy,28a8a46b19e40b572b5595090d2688a8602e57c047610999b31ed8e3798f3b60,1.1741682980091313e-08,-2.0944324769836611e-16,7.827788673769571e-09,0.9999998431170511,1,False,False,unassigned,10.17632/sjt79hnb2f.2,CC BY 4.0
n5,N,5,N\n5.txt,a3356b94f6551f6426908017afaddca99aa703018876c1acadae7449954910ab,N\n5.npy,1339c7dd1496e48b224d39eae4a8384ccaa68df03eed6dcafc4abfc31fe51cac,2.0527859077128333e-09,5.865106792545459e-10,2.6392962140272674e-09,1.000000428404612,1,False,False,unassigned,10.17632/sjt79hnb2f.2,CC BY 4.0
n6,N,6,N\n6.txt,0962a98d59f2666b9ce09e8a8e5176b3037f420ace9690e31bdc40872b92258e,N\n6.npy,7e052ba28bc771a8e7aa2135c46a4f223d000bc956f7da158ad335a1e5347ef6,2.2522522047171776e-09,4.754754922814103e-09,2.752752762397742e-09,0.9999999538723029,1,False,False,unassigned,10.17632/sjt79hnb2f.2,CC BY 4.0
n7,N,7,N\n7.txt,37106ea162c66f0a9731750f73c0b137e14d6ae5b4379e8b699a7d1e411852ff,N\n7.npy,2209b77108b580f4df0679f303e4a8d616a9cff1d2866ae87a090e035f88ced2,1.8767594558855413e-09,8.445417555283205e-09,8.445417579643535e-09,1.0000001320877947,2,True,False,unassigned,10.17632/sjt79hnb2f.2,CC BY 4.0
n8,N,8,N\n8.txt,96c6470cb45b69099d204a496798aad6c671db965103ee0f4c0a34a8bbab8057,N\n8.npy,5cd43a6790f88e33643a9c3c9e5ba00a6fb83cc8ea40369479ba71ed9f5d4e58,-8.562691141081435e-09,-6.1162079478510345e-09,8.562691131975993e-09,1.0000004606783865,2,True,False,unassigned,10.17632/sjt79hnb2f.2,CC BY 4.0
n9,N,9,N\n9.txt,ce8eea0ddce83a5f0e661f69a84b07ea1aca7f6873247a2ea75884066c0355f6,N\n9.npy,219ba818d8814cc5615247924e40f6d1a348c7a1f3476132aa143faeacc1b003,1.0235732016874688e-08,-1.2406955613148676e-09,-7.444168733310173e-09,1.0000004814307433,1,False,False,unassigned,10.17632/sjt79hnb2f.2,CC BY 4.0
o1,O,1,O\o1.txt,613ef86a4cd27df603f344ed90bab072409e3b78841adc6425a7bd978f2d3dff,O\o1.npy,35082d4f31e33dc324518ea594521562e0cbf55f9bf4e2cdd1a8e68f73fa2ed9,-4.9504950487979e-09,2.2502250310610126e-09,2.7002700256500993e-09,0.9999998570578277,1,False,False,unassigned,10.17632/sjt79hnb2f.2,CC BY 4.0
o10,O,10,O\o10.txt,db267dcebf5f46b303d5cc0689a85319aa8685b6639ef93b0cfa02557788dc82,O\o10.npy,ab454a3b3cf87b80a81b0cfdea7680a2772e47018d1c2ae07229fb33787716f3,-5.6428859737516175e-09,7.658202502753113e-09,-2.4183796946887188e-09,0.9999996142713389,1,False,False,unassigned,10.17632/sjt79hnb2f.2,CC BY 4.0
o11,O,11,O\o11.txt,96f8d63f657111892283e37945190ba99b220887249ce41e8334112715b8c366,O\o11.npy,1bdd0cd968fa8da29e805141a7e3a85d8e56b65ad649c55bc150513fc70c0ab1,-6.0658577077114455e-09,1.4731369099877337e-08,7.798960130697898e-09,0.9999998461340698,1,False,False,unassigned,10.17632/sjt79hnb2f.2,CC BY 4.0
o12,O,12,O\o12.txt,30108071a41f36c8c8d581592e00bf8919555b9563d72fd82c20314f9f6c36d1,O\o12.npy,841cc24d50db4db637eb4198c19d47a6ec124252acd3d5e003ef8ee27a911870,2.997858766404113e-09,4.282661100365497e-10,-2.5695931504346394e-09,0.9999995212227667,1,False,False,unassigned,10.17632/sjt79hnb2f.2,CC BY 4.0
o13,O,13,O\o13.txt,3febe0182ec989aac4964c4ea93852d00fc2648b3eeb27eeb8b2dc811d08f5e2,O\o13.npy,c11627cbbbea0713fa7d1e372c3ef0bbce85c07dfd7e3c32f27792aedcbd4c79,0.06442635743239299,-0.11425367893352785,0.778949448816468,0.07602142870034503,1,False,False,unassigned,10.17632/sjt79hnb2f.2,CC BY 4.0
o14,O,14,O\o14.txt,b065845402e3ea8834a46ced6f299b50221b659036eb909de875e9a91935ea16,O\o14.npy,184fbb5bff2e22cd2cd0f096777398d22a55791b22ae2a4463ba06cef0582190,5.0235478812491306e-09,-8.163265302644826e-09,-3.139717426232225e-09,0.999999655953248,1,False,False,unassigned,10.17632/sjt79hnb2f.2,CC BY 4.0
o15,O,15,O\o15.txt,4c90a307483de2163ae37d3312c140351eb3ad346a31737298424b08e08f6eac,O\o15.npy,691d1d6779d0e2d21bd80a3a9f0ca707d1f37a855f67627a4802e7b7384d9188,0.08523531638156241,-0.15340870587264568,0.7811839048706231,0.08738540981119144,1,False,False,unassigned,10.17632/sjt79hnb2f.2,CC BY 4.0
o2,O,2,O\o2.txt,b5b9702ca0a24d970fea5534b3d69078175a8b8d24f5f5961f8b32e8fafc46c3,O\o2.npy,118a3e2b2904c60322a8f80ddf9b5089fccf37adb5972a0415fd1d8cf16a469e,-7.199425831362502e-10,3.599711537968612e-10,4.6796256172754414e-09,1.0000004300256762,1,False,False,unassigned,10.17632/sjt79hnb2f.2,CC BY 4.0
o3,O,3,O\o3.txt,7bfe962dda3c487a5b37aab1e814047ba5452988481ef157ab688913f8514589,O\o3.npy,ebfbdf322e59e2f49b6844b64d8c7ee565c373f0d67fbc92c309ed7fb0b6f8ae,1.920614664311523e-09,-6.402039352127578e-10,8.002560826184789e-09,1.000000529535714,1,False,False,unassigned,10.17632/sjt79hnb2f.2,CC BY 4.0
o4,O,4,O\o4.txt,697270a8d6fd31a9208d5b7a1a913ef9fc33c1c1b8ba603a3d645e88f4ad36e2,O\o4.npy,9a414a85396ea079ed1d52354255aa840235bd4a9ea87b59952e39b04a6801d3,-7.796257797434098e-09,5.717255726941264e-09,1.0395010396048642e-09,0.9999998063984014,1,False,False,unassigned,10.17632/sjt79hnb2f.2,CC BY 4.0
o5,O,5,O\o5.txt,af78e811cd6031e22b8717dca170ef2b4f8d12194c788833117de7f2a233b831,O\o5.npy,3e6cf644f20400d9bb6b09bf9c0e6dd5608500b64c1eed3427d909836aeb28e4,2.0008003291930973e-09,-1.3205282117700853e-08,-4.001600652366378e-10,0.999999915294384,1,False,False,unassigned,10.17632/sjt79hnb2f.2,CC BY 4.0
o6,O,6,O\o6.txt,3c363e7dfade3b1336d000569ad4511bbbcc8949ad1c9659af8b33b10be9a086,O\o6.npy,823c29773f254e03520555dc6808f2153458105d1df1b5309568b6da08e5d65a,-2.6702261490788914e-10,-5.073430750249816e-09,-1.3351134730820893e-09,0.9999998963903821,1,False,False,unassigned,10.17632/sjt79hnb2f.2,CC BY 4.0
o7,O,7,O\o7.txt,4f8e44082966dad31c8b6e3f5c23454017f17f83f1cd0ea387c00540bc2998d3,O\o7.npy,6070b8da563005bee7e48914b864183721dcbc6eba5fa01ec4c10f145c21610a,-1.6688918522426916e-09,3.6715620910536483e-09,-6.675567350791522e-10,1.0000002059531479,1,False,False,unassigned,10.17632/sjt79hnb2f.2,CC BY 4.0
o8,O,8,O\o8.txt,178e4d134303de8f1c60480249c443e312c1c2b4a4e12faa102fa93ddc50562a,O\o8.npy,9ab2585412ef0fed2409905081b9873ef3ff72a9c628d38b783356c90b0fbdaa,-1.6632016521818817e-09,9.147609192511929e-09,7.900207913914706e-09,0.9999999920816101,1,False,False,unassigned,10.17632/sjt79hnb2f.2,CC BY 4.0
o9,O,9,O\o9.txt,11e07fdede0de0845eb5096e2aaa43c7be4b476adfee7399362697a51769ced3,O\o9.npy,fc58abc5a503fea5d3693dd94073a8ac0efd28eeb63f36bdec841430577760ea,-4.5724737995302194e-10,-9.144947363258611e-10,-3.6579789646193965e-09,0.9999996751599307,1,False,False,unassigned,10.17632/sjt79hnb2f.2,CC BY 4.0
p1,P,1,P\p1.txt,066dce56d53e4ed5a7062d7644c57a142bb96d7ff2f1b0aaac472fadcd7f7b65,P\p1.npy,11ec9c3a598629bc1922b360d94841fca2712965b05e30c075ff613332e0aba0,-1.510574007688613e-09,-6.042296007946245e-09,-7.552870087785728e-10,0.9999994383330008,1,False,False,unassigned,10.17632/sjt79hnb2f.2,CC BY 4.0
p10,P,10,P\p10.txt,b9117cc781af36da8423db29eefa54db199e0b95d65a9d5285ab2af02a5154f3,P\p10.npy,f3bffb823882b311450579b771efbca760acf4fb906164ca8808458553eee899,3.2189781992762686e-17,-6.0219627599531655e-09,-3.188097763910376e-09,1.0000002381599984,1,False,False,unassigned,10.17632/sjt79hnb2f.2,CC BY 4.0
p11,P,11,P\p11.txt,3e8481049148b946d8757715ecb3e706e1e999f52644297a69c83c9bff417eaa,P\p11.npy,89a735251714cfcd279ad63a13db167211e1ac3004b73f1f9114ba8dde8913ec,-4.516371951172316e-09,-2.634550268697061e-09,6.7745577375358555e-09,1.000000171114106,1,False,False,unassigned,10.17632/sjt79hnb2f.2,CC BY 4.0
p12,P,12,P\p12.txt,c43ac30efd104d3c2caebae8f01cfe010ffbb8fed70e94ca2bbb780af24db94e,P\p12.npy,ae73791bd0e1a1cfe1ed94e139b683159a58db71f91ffa4a38b1c70445734dde,-8.780817299689808e-09,-8.443093541395455e-09,-5.065856125829012e-09,0.9999997628267407,1,False,False,unassigned,10.17632/sjt79hnb2f.2,CC BY 4.0
p13,P,13,P\p13.txt,ddfa045dc0e085525fb604e4ac8d2a1f32d1612011eea6f344e525f5d47556fc,P\p13.npy,785612bd32d2a74069bd0247089532c296b44e8e63633e76de30bc6e8b5bff46,0.04456125048890464,-0.12769133575051703,0.7788467987186243,0.09892929179706873,1,False,False,unassigned,10.17632/sjt79hnb2f.2,CC BY 4.0
p14,P,14,P\p14.txt,06b8909857814cc61bc19de6e117fa217812df0d96a2cd17d07f7723963abb84,P\p14.npy,f6ae35769fd55253cb608b8c21d3e2580f3111fe8555a6618def28f8f1b469ef,-7.0965751189401985e-09,1.8512809024800146e-09,-5.553841408522352e-09,1.000000522030823,1,False,False,unassigned,10.17632/sjt79hnb2f.2,CC BY 4.0
p15,P,15,P\p15.txt,be2a75a0fc0b25c6405961927d643fe4e473bfd104bfb126e471032126d38064,P\p15.npy,f483f3e50f7acb1e881537ec110e28a8f5aa6e0e4ec856fd339cc553eff6de55,-5.337603400523365e-09,8.006408060035335e-10,3.4694422289798305e-09,1.0000003162230457,1,False,False,unassigned,10.17632/sjt79hnb2f.2,CC BY 4.0
p2,P,2,P\p2.txt,9ce0187e775a4c572cc55534dece773c6c26dd427a95ee7de9dd2bc389a9b7ad,P\p2.npy,3c916b3ba8629542d555b2ff6454297d33d440bd014305e2be8efe4e87ad8e7e,-1.5726179460805202e-08,-6.938020260371257e-09,4.6253469244899135e-09,1.0000003895231893,1,False,False,unassigned,10.17632/sjt79hnb2f.2,CC BY 4.0
p3,P,3,P\p3.txt,408e296aa1d38ddc4f0fea1c93dcda7d8b1a17ca51ae4b2623806520c7ed10a3,P\p3.npy,e1b365b3ad2614a59be0c674beaf5828a7ade5c4fd3144f749eade37283a1921,-3.412969263604666e-09,-3.0716725128934176e-09,-1.7064846566165752e-09,0.999999963197065,1,False,False,unassigned,10.17632/sjt79hnb2f.2,CC BY 4.0
p4,P,4,P\p4.txt,0f45efe469c03a4f7bcfca218fdd6fe63c226aa007744472f0ad523464f53099,P\p4.npy,861318cbf8373a99376afd68397189a173173e38e7bf75c23163af07ddacdcd9,-1.314924361209986e-09,2.6298487688799955e-09,6.574621963048678e-09,0.9999999085071244,1,False,False,unassigned,10.17632/sjt79hnb2f.2,CC BY 4.0
p5,P,5,P\p5.txt,77c5bdd71f42879ece5dc1a4d0cbbce6744c15d0d27e488c980938936fb7a34c,P\p5.npy,f310826cb6f8a56d75110d36b8b9a7a617949f5f61b627963dfece57d2863c9d,-4.750593815927945e-09,1.4845605486874352e-09,-3.859857466432405e-09,1.000000243129303,1,False,False,unassigned,10.17632/sjt79hnb2f.2,CC BY 4.0
p6,P,6,P\p6.txt,d0f17060012bb744f0fe39784c80600572a8be47e3671795a903bfeb5e27e4b8,P\p6.npy,eb1393c673edc3365bb32e1173d73d445da2a7373676c4717fe31dc46f67a576,7.475703545969853e-10,3.737851916127062e-09,-3.4886618512913836e-09,0.9999995852325849,1,False,False,unassigned,10.17632/sjt79hnb2f.2,CC BY 4.0
p7,P,7,P\p7.txt,b3d3dd0620d6c6a70a88db7336e7bb91880002a6b10e5cd26c33a5c2285019c9,P\p7.npy,505d43b4fe5354d35af5877726d4c6fa6eaa64169c311f188ab6aaf48d1263d1,-1.9607843229793095e-09,3.267973955388714e-09,-4.248366090147754e-09,0.9999999930216005,1,False,False,unassigned,10.17632/sjt79hnb2f.2,CC BY 4.0
p8,P,8,P\p8.txt,95aa20f26e566a84f019145bbe58e23cf5396e3f5fd6676b1667b0628d8a286f,P\p8.npy,d2aedb07b8e5e3674e4cda30706924699b8caf33e79254fe6f1d45c0c3e851bf,3.271537647868745e-09,-5.997818900268673e-09,-7.0883315155622445e-09,1.000000475814661,1,False,False,unassigned,10.17632/sjt79hnb2f.2,CC BY 4.0
p9,P,9,P\p9.txt,24bcef674ba68a300979e743d28e91c6a958e3ba86327858a470aefedd4a710f,P\p9.npy,9f84a1b963ba292c5b64b17960980555a7781c77881235eec423fd02f8a517db,-2.2278806801458854e-09,-9.548058990100912e-09,7.001909616008063e-09,0.9999995957011101,1,False,False,unassigned,10.17632/sjt79hnb2f.2,CC BY 4.0
r1,R,1,R\r1.txt,6230ffb139709756db3d6fa20d10048bf9a27f173c8cbcc8afdeaf15405f52fb,R\r1.npy,3f2faa08cd7c638db46f0da245627a20b648aaabf5d17d7ae65e2a379f792348,7.420091326758932e-09,-1.141552507436308e-09,1.141552510049161e-09,1.0000001918424508,1,False,False,unassigned,10.17632/sjt79hnb2f.2,CC BY 4.0
r10,R,10,R\r10.txt,ae4bfac2a514c8868c5566a3cefdac3470c9df412782232c1ee669f0af8341a4,R\r10.npy,2ed7fe52c74038e82455c5795ca43e212bfed6485ab565efd187a985e124eaac,0.07511855414267596,-0.19930366766962562,0.7748741633259218,0.09825026713949399,1,False,False,unassigned,10.17632/sjt79hnb2f.2,CC BY 4.0
r11,R,11,R\r11.txt,a662d45105c0d56fae2ef002f53f349d7af09af8cd272b1c0a9412596fbf027a,R\r11.npy,14cd42d5d9ae72517d82466e2d8607a157efacef22c1528fb9a9c8df2a840efe,-4.5180722631193924e-09,5.020080056636846e-09,-2.510040157273168e-09,1.0000000266081004,1,False,False,unassigned,10.17632/sjt79hnb2f.2,CC BY 4.0
r12,R,12,R\r12.txt,4383661e206db3c4ecae46d0ad828ed42db26fde88537e882a0968eef3d36fe5,R\r12.npy,c2f5744d89e8dd22f022e645b8096d7607365144076abbe5939ad8037cc2ba1f,0.1669726426992129,-0.17453048160315016,0.7729726341984123,0.10519523893016229,1,False,False,unassigned,10.17632/sjt79hnb2f.2,CC BY 4.0
r13,R,13,R\r13.txt,224025fce6506f5f1663052b3555c8239dc4e9ee5354bffb11bd9551127d5430,R\r13.npy,31fca137ce8b422e5fdbbba7187533743ea6e062d32c707cbacc77d0561ddabf,0.14532557367708646,-0.03909738488686756,0.7605466009861452,0.08790960534560867,1,False,False,unassigned,10.17632/sjt79hnb2f.2,CC BY 4.0
r14,R,14,R\r14.txt,3c935ed13c23e547913af9c29a26368d6fc95aae25ac24ca920773a5953cef56,R\r14.npy,059803d5572aeebc48412367a85316ea6f3d6537043f8f9b892cbb2433e7a756,0.08858559999899077,-0.07855911461228217,0.769913317923033,0.11115671976622564,1,False,False,unassigned,10.17632/sjt79hnb2f.2,CC BY 4.0
r15,R,15,R\r15.txt,a5a26a80ddb08db857cfaf8844d485109bad40bca93b7bffeac44dfc6c686e90,R\r15.npy,d315c8fdc74bba22184c665829be011607a7dd95667665199faefc19a28ac3ae,-1.2628780326089643e-08,9.970089522664568e-09,-3.3233628287711453e-10,1.0000003113063627,1,False,False,unassigned,10.17632/sjt79hnb2f.2,CC BY 4.0
r2,R,2,R\r2.txt,a34f438c827773d45d742e513521d70e0a356096f3c18c7c3a935e7c52ee961c,R\r2.npy,a222f698c9ea383b19e9be413d2c6399e544964733b41d60b7fe203e7cc8a23a,5.141388173912806e-09,-1.3955196492736131e-08,6.243114212160003e-09,1.0000000491804595,1,False,False,unassigned,10.17632/sjt79hnb2f.2,CC BY 4.0
r3,R,3,R\r3.txt,8c71ca9f0c1539f99d9b0d295abd3bebf09dae5e08b5b4b72e386599fe8d00aa,R\r3.npy,27032403b612890d947ab0c8a48a9d504c86df2bc48104ff60e65df99e670b7a,2.350176263961371e-09,3.9169604809945905e-10,-8.225616922401868e-09,0.9999994916028366,1,False,False,unassigned,10.17632/sjt79hnb2f.2,CC BY 4.0
r4,R,4,R\r4.txt,96518b0a7e0c0fa45420fd62e269bc8b3af332ffbf403a0990c862b6c54756b6,R\r4.npy,cbc88dd618888e10f6966831261f752c3eaaebf14d04c732c1bafdc95ea609ca,-5.186110293112033e-17,2.739726313244408e-09,-7.762557066264955e-09,0.9999996716436362,1,False,False,unassigned,10.17632/sjt79hnb2f.2,CC BY 4.0
r5,R,5,R\r5.txt,199316952b3a762efef6bbb46846b8185acd35bb9d54e9efeffc07f31fa5f0ab,R\r5.npy,a952b1efd17f3a7df2efee3bf11abd959b63133f4dcf054f0cd8a5fbab8699f9,-1.1750881581598573e-09,2.9377206338334103e-09,3.2314923525045696e-09,0.9999995996976817,1,False,False,unassigned,10.17632/sjt79hnb2f.2,CC BY 4.0
r6,R,6,R\r6.txt,298c5699720df37ee450505a2ec914dae2dbacee10f7120332eeaac9830d2602,R\r6.npy,d5ec2e8dd45b3cd41829e2fb1c4a1d9e0ea2e1616a0f0a3a7ef9054dea94d606,-1.5331544616941993e-09,1.9574648958511768e-17,-1.9164430808019588e-09,0.9999997966030801,1,False,False,unassigned,10.17632/sjt79hnb2f.2,CC BY 4.0
r7,R,7,R\r7.txt,ed6655f9928f28a1507d6ba3d2d462f7d5fc0c762c9b68bee1579f8d3cda8d6a,R\r7.npy,29cca8b6bcc7c4f96ebf2dfa1005921aab968df4ad26a37c6d65f7d5d7829a89,5.534034306871055e-10,4.98063088152924e-09,-8.301051467176356e-09,0.9999999201431128,1,False,False,unassigned,10.17632/sjt79hnb2f.2,CC BY 4.0
r8,R,8,R\r8.txt,b412e982ec4089a04af544f989aba65225ad7e65f31ed5ec017b7e0de7c49789,R\r8.npy,c3b094b4c1fb2934db6bbd0205853446be65b28b6eed77f915ad2ddf1bdc2107,2.213368756610228e-09,-8.410801034442763e-09,-1.770695003384978e-09,0.99999955894793,1,False,False,unassigned,10.17632/sjt79hnb2f.2,CC BY 4.0
r9,R,9,R\r9.txt,167be73c2913ba3e842db4693d3023c6ca1f22168d20c4ab667630e5e8efed4b,R\r9.npy,fd5e073bf27b6c9f3556281c1fed1e12bc232b0a6335d71e0f8bed7128254c1a,-8.335728694247863e-09,-2.012072353736341e-09,1.638401839320321e-08,0.9999996067785707,1,False,False,unassigned,10.17632/sjt79hnb2f.2,CC BY 4.0
s1,S,1,S\s1.txt,17c43ef8aca092da13bc31f3f7173e8a9375889420a95632d39e6bfb109d33ef,S\s1.npy,27d6f2464fa13c8a8eceeea9915145394fa0282bd931b4932a625de4a62aaddf,0.002264884924174843,-0.004620781891168598,-0.0007977105263157868,0.9832582633039825,1,False,False,unassigned,10.17632/sjt79hnb2f.2,CC BY 4.0
s10,S,10,S\s10.txt,2061f422f99c2b5e9e24d6270884f1ebe03404d5a02acc9be20b912765a23814,S\s10.npy,d551e58bcc58fa6d8277ab4fbfaf18636bfcc4d74c46580fd00c6d110696da30,-0.006476385087055938,-0.19930537920978972,0.7830335970838965,0.06574243026107637,1,False,False,unassigned,10.17632/sjt79hnb2f.2,CC BY 4.0
s11,S,11,S\s11.txt,9c5b3f7198ec2958c38b4c444628d1490b4b0af275b4ff21ab897fcf1d9fb4fb,S\s11.npy,f5733428611888edbe2046c76b2355ea9299e1b9e9bdc58eb6e224dc272f6d64,2.130379244457254e-09,-8.521517485873126e-10,3.4086067304066755e-09,0.9999998151134231,1,False,False,unassigned,10.17632/sjt79hnb2f.2,CC BY 4.0
s12,S,12,S\s12.txt,33a225588f4f815c09946a776c5be82c9f5b695ace525f8459236ccb008fe9d9,S\s12.npy,469e4edfcd9bac9e8b361d22ebc188a7d26c69bd4e32144e816a2d708ecafff4,-7.98258343755161e-09,6.1683602505756954e-09,2.9027576252511015e-09,0.9999999714259463,1,False,False,unassigned,10.17632/sjt79hnb2f.2,CC BY 4.0
s13,S,13,S\s13.txt,edbc018255ecda7c20da683e9dacc8b95ae527bff509aeb264447d89808483f0,S\s13.npy,ab78f681acf389aac40f58c54883e1b09916bd7727049344431eae4efa0ee264,0.016637118673617432,-0.09912396940809176,0.7846369580439326,0.06513619523352139,1,False,False,unassigned,10.17632/sjt79hnb2f.2,CC BY 4.0
s14,S,14,S\s14.txt,0ad2df022e6047726092c9557ffa2767f971f754555b68642b96beed278ff571,S\s14.npy,e7afa46ead6a96f768238a753fc4ade9495aa538e5fcd33ecf669db12c798e0e,-9.070294933878063e-10,-2.267573699986599e-09,-1.1791383220067141e-08,0.9999997999225676,1,False,False,unassigned,10.17632/sjt79hnb2f.2,CC BY 4.0
s15,S,15,S\s15.txt,a76b0dc719649db74b64537bd7ab357862e37f6a2ff894cad21c997ab94b5e4a,S\s15.npy,ffe65f48baf519ff31dda3bc2de1e1d7e4d96ab680f2259e8fc31c73994d0378,2.5720169447744127e-10,-5.144038125843497e-10,-2.3148148083904433e-09,1.0000001569967074,1,False,False,unassigned,10.17632/sjt79hnb2f.2,CC BY 4.0
s2,S,2,S\s2.txt,b43042fc8e90ace09e25c7bd06b089cd3531e4dc0aa7709e338371fb0e64ac48,S\s2.npy,d8e4bfd82b840bdd5a1a95cf8ea4280547bfc7af2bbd5ed07cc5987d17b5af15,5.3373999392270886e-09,-9.149828862466727e-09,-1.906214260643209e-09,0.9999996170187047,1,False,False,unassigned,10.17632/sjt79hnb2f.2,CC BY 4.0
s3,S,3,S\s3.txt,dfa1cc5eaef3ae2509c82fd8f8bb6c50e9474776a848a8efc00c7f136c2d584f,S\s3.npy,57a10b7046572f4bfc9a0d5c8e1448d322cbaa22908f30095bdc5985cdc256c9,7.532281134638719e-09,-6.456240646039734e-09,5.0215208390388036e-09,1.0000005199102047,1,False,False,unassigned,10.17632/sjt79hnb2f.2,CC BY 4.0
s4,S,4,S\s4.txt,9ae8743beb200059be385e394d1be59a72367d0406230368144725cb0f9cd36c,S\s4.npy,65f95fe98a2fb87bed02b82d3fe56cc56f5e31569e9035deebb22714b7779860,7.762187346738079e-05,0.000983903874448238,0.0005900456105934243,0.9982166505316855,1,False,False,unassigned,10.17632/sjt79hnb2f.2,CC BY 4.0
s5,S,5,S\s5.txt,8576b1064d43e37a9a067e8cefabcc3cf6e7766488f48a2268e14a18c0b52f70,S\s5.npy,b62627b9d0ec9bb651e6c922d3cb520d1c653e7cccbb614a65c8b860474f9785,-3.5874439493735515e-09,5.829596424149526e-09,4.4843049267656164e-10,1.0000003626303855,1,False,False,unassigned,10.17632/sjt79hnb2f.2,CC BY 4.0
s6,S,6,S\s6.txt,9254eaedb86a6bac81552e2dcd7f775927dd4d7266512befb2aa3eb910edab28,S\s6.npy,90f048af088a7e9598eb5f8b31c8a34cda661fc01ff796483ca20b79bd31428d,5.529027337237691e-09,-2.5131884231123586e-10,4.272430260335116e-09,1.0000001617274494,1,False,False,unassigned,10.17632/sjt79hnb2f.2,CC BY 4.0
s7,S,7,S\s7.txt,e8afefd945c210bb86251d0925e97bc52151531b4b6275ac0acd81ff85370bb6,S\s7.npy,6c238fd94fb16f879fa1c8963d5a88e1305251e9a6af88f4693b26989ee3fb1c,9.817196891118376e-09,1.0155717663804817e-09,-4.739336486830663e-09,0.999999892475502,1,False,False,unassigned,10.17632/sjt79hnb2f.2,CC BY 4.0
s8,S,8,S\s8.txt,60a6aa8eae6fcc1f23abd1a9daf847af0b95b0dcb90ccfd7c4ae9bdf89bd834a,S\s8.npy,1fb51f58c883515fd58431f908753d13b72f7114389e26dbd4a806b30351ca56,4.196391339047496e-10,-1.2169534256285526e-08,-1.6785564251091785e-09,1.0000000697739704,1,False,False,unassigned,10.17632/sjt79hnb2f.2,CC BY 4.0
s9,S,9,S\s9.txt,fd8f94213cd234e5e78fee725e3d006ca13e8b4f0fb15d06122e3b4cccfad6ad,S\s9.npy,c1573651802c44f4ef48d45958a597d73a9aba71ffdcd14ec7c6f62acde55f55,-0.014378751882845209,0.0015636619246861855,0.0029600405857740566,1.007860328380069,1,False,False,unassigned,10.17632/sjt79hnb2f.2,CC BY 4.0
t1,T,1,T\t1.txt,2e00e836aa4818e8088275bbf0cc8a128495bd21a27430fc258ae136f853c46e,T\t1.npy,1539f57a3176b9dc15bf6bffef1c0d8d5c0ee3b34f934f3084f5579c1d617da8,-8.766436913825645e-09,-6.261740595875757e-10,6.261740680863087e-10,0.9999999202722045,1,False,False,unassigned,10.17632/sjt79hnb2f.2,CC BY 4.0
t10,T,10,T\t10.txt,fac6280c5594756961492cfc3078c786f0494ebc68b1a849f8dc6529c9bd33df,T\t10.npy,e7f10a65ca36ebf91cb82a80c2930abd2d17d9ada9bb6a1ebd6de5462b97a41c,-5.746087676905332e-17,5.248284458261568e-09,1.2111424967045157e-09,1.0000001122898232,1,False,False,unassigned,10.17632/sjt79hnb2f.2,CC BY 4.0
t11,T,11,T\t11.txt,d90d5ea270fd2b637e1faa8913ac7d6b72baf64a253ff3c6456c2ec9945e4834,T\t11.npy,ed770d38254691e436a66dc809a997a6f642687834707d7a7ecbab44a89e2f28,-5.365853740359973e-09,-3.9024389807434265e-09,4.390243905389906e-09,1.0000004458907772,1,False,False,unassigned,10.17632/sjt79hnb2f.2,CC BY 4.0
t12,T,12,T\t12.txt,1570b008abf174004a89bcf9c10eb5dd8ebb197303650b4c11c04f810566c152,T\t12.npy,065964095ed5d0dee39a80affd486c81ac116288d915731821de0b51ad6dd55c,-2.0177562716795923e-09,-1.6142050263043119e-09,1.0088781283565437e-08,0.9999996933793598,1,False,False,unassigned,10.17632/sjt79hnb2f.2,CC BY 4.0
t13,T,13,T\t13.txt,8c8cca290c641e3afe9de1e3543808648bce8feec54a34aaa4dad63b5b58e2a6,T\t13.npy,451fc3a4e548507d910ee51e14195429bda14b5a6b9b2eadf7c1e8d1d7eee6d9,5.338578364554507e-09,-6.181511695039656e-09,-1.966844620953765e-09,0.9999998582361863,1,False,False,unassigned,10.17632/sjt79hnb2f.2,CC BY 4.0
t14,T,14,T\t14.txt,a18951e65186e903cfee277383b56138a15c688ced2e9848c734ae898abee7e0,T\t14.npy,5a8fec9cafa4ec0bd9a9ca82dd3097dbd06012aedcf5d1bde52f1aac6c688d64,1.696065120742149e-09,-1.3568521119534362e-09,-2.0352781525436046e-09,0.9999996075735386,1,False,False,unassigned,10.17632/sjt79hnb2f.2,CC BY 4.0
t15,T,15,T\t15.txt,954aba39d359642ae1abf78f722feb5b855cb08bfedad8d65800332c8f0c90df,T\t15.npy,212bf3784a30b5eac8ed5febcb289320c554c2307be4c37ea70f605b58ff234a,1.1668928049167398e-08,-1.0854814452383632e-09,2.7137042315669595e-09,0.9999996637229976,1,False,False,unassigned,10.17632/sjt79hnb2f.2,CC BY 4.0
t2,T,2,T\t2.txt,26cf5f843f0171a7cd611174b1990a068818154819c00d628b62e404f4fb5d57,T\t2.npy,2255484ec878c1a156551eeb5bda62cba0084b8e5766aac11e725d532a7b79f9,-4.366812409489701e-09,-8.005822300904947e-09,1.0917030339733138e-09,0.9999996501622571,1,False,False,unassigned,10.17632/sjt79hnb2f.2,CC BY 4.0
t3,T,3,T\t3.txt,951af4b8732a73750776b4c12a01eca263687ff738532157ba954274b7e5183c,T\t3.npy,3b9c902ce954574ce464147c04c88a445721af3f4fd4ed5111c89227a26652ad,1.1554230334994408e-08,-4.472605229234758e-09,-4.099888201190988e-09,1.0000004288364155,1,False,False,unassigned,10.17632/sjt79hnb2f.2,CC BY 4.0
t4,T,4,T\t4.txt,a3a563549419124cb5aa3ced01d0d72792087ef02715b9e060019556c02e202f,T\t4.npy,f7b77133cafac14d33d58f4724286a06335d2fba76a74e768e89aa5957ecfbce,-0.009785779863481227,0.0006513583617747429,0.0014713937713310564,0.9819412192307374,1,False,False,unassigned,10.17632/sjt79hnb2f.2,CC BY 4.0
t5,T,5,T\t5.txt,0f18956bbaf0604a98eb6d71afabd68a5d9184e0a59d14a929cfd8f91c14e261,T\t5.npy,e6c413c0ebe53f2e2c016c6772fb3991eee6cf4a839d9804b474c5d2de6644c3,0.002300874891398785,-0.005131186794092106,0.0017254756733275382,1.0044799391457502,1,False,False,unassigned,10.17632/sjt79hnb2f.2,CC BY 4.0
t6,T,6,T\t6.txt,51da5e1548938611aa78020eab60e7d669ae011c4fba3292c3eded5005e1d782,T\t6.npy,e8c2d06342a4900faa0dfff591cd4c9feec1d3f1ab6e51c15f97bf8166148c56,2.8057049122894297e-09,3.9747483398053365e-09,1.169043738518527e-09,0.9999997048458582,1,False,False,unassigned,10.17632/sjt79hnb2f.2,CC BY 4.0
t7,T,7,T\t7.txt,13551851efe691c7cad1ea0b1cc7d9ce2e6f13f798dfc5b1a6ff588fc8922a7a,T\t7.npy,30256959085375a063cf09cb4f0c36cae236fe64f7d35bc2c8520affc4987a1d,2.12443081881865e-09,-2.4563052654074027e-16,-9.104704151373569e-10,1.000000107076868,1,False,False,unassigned,10.17632/sjt79hnb2f.2,CC BY 4.0
t8,T,8,T\t8.txt,845333ecc8c3dc29c96ce9311820d6d4c5c18f95d83e2b438320424e830bc282,T\t8.npy,f767fd9d18752d669bce363076311a1e03daff6368d5881097adc98af8c8dc07,-0.0015752159857904127,-0.002561078152753103,0.0006306166962699814,1.0030562162614456,1,False,False,unassigned,10.17632/sjt79hnb2f.2,CC BY 4.0
t9,T,9,T\t9.txt,ff5a4e291bc562ad335b3fa676bc887d9ddb6ee007b7b3a9d840594a5f7e38dd,T\t9.npy,e1e38730633ba3eedf965732d210acb1faec65e99532bc08797b8dcf121da7f2,1.008215090130175e-08,-5.601194469653893e-09,4.107542928755454e-09,0.9999998744581284,1,False,False,unassigned,10.17632/sjt79hnb2f.2,CC BY 4.0
u1,U,1,U\u1.txt,97bb0488507bf7c300e1ad263f0eb6bd430530b18a5d617920c4d3ffefef0c95,U\u1.npy,9265c851db0dd2b32da14dc32703717954eecfee7f23cf1745d4ef53ac295739,1.5667206920609812e-08,1.080496682701713e-09,-1.620745539637503e-09,1.0000003155251005,1,False,False,unassigned,10.17632/sjt79hnb2f.2,CC BY 4.0
u10,U,10,U\u10.txt,9354d95adc311972d46fe0e370f41371381bb6706c7d845d4e8f5b1a0d1dea62,U\u10.npy,b651cae24e51b0a5f9a40bf97374193b26527695404eec4b3ac4400c823c5a07,-0.013261594159749831,-0.2191201967519851,0.7794107410591339,0.09200966818508814,1,False,False,unassigned,10.17632/sjt79hnb2f.2,CC BY 4.0
u11,U,11,U\u11.txt,d7f72a4ebff4edda0bb54414137b5a05940bdc1e863c52fe18d1f5f2238ad13f,U\u11.npy,d1cb61540c07b80c14875444bd5096a71722ed6aa1a76af9767e11a7f2270207,3.1615555010042475e-09,7.271577098245384e-09,3.1615555762029748e-09,0.9999999959056831,1,False,False,unassigned,10.17632/sjt79hnb2f.2,CC BY 4.0
u12,U,12,U\u12.txt,c3adc1d3eae3765248cc48521a2b2298a4c466d8cfecc51eeaea80d8a715e8fe,U\u12.npy,c981c4d4f343637ae1f4f5552d1c6a34eb71d20d40d9bcd5cafbcbe579d92ee4,7.905138339248678e-09,4.347826078996227e-09,-5.533596839233756e-09,1.000000434595503,1,False,False,unassigned,10.17632/sjt79hnb2f.2,CC BY 4.0
u13,U,13,U\u13.txt,59ad6639086d9551186c1a9b5330f613495f0ba15629bb8f6aa2ac5091b038b5,U\u13.npy,cfb027cec795fc093010468da4955679b14ff4422bf8e46cfaeda7bad69bd81e,0.03396473028129986,-0.12714597958771742,0.7687890742467611,0.100409002036503,1,False,False,unassigned,10.17632/sjt79hnb2f.2,CC BY 4.0
u14,U,14,U\u14.txt,21a6fb99be327bc5b401f1198a2c37413d44412eb74183d9d874f06b39949c0b,U\u14.npy,611b97eab052da00ea774014bdb2731703bd729f68977f097fe2a3c6c1a15a80,7.402422619467541e-09,-6.05652759755005e-09,1.0094212616020911e-09,0.9999998856501496,1,False,False,unassigned,10.17632/sjt79hnb2f.2,CC BY 4.0
u15,U,15,U\u15.txt,80c898691c03f2b18794fd684025df5027d09f2647685dbb45eda9b474e17a12,U\u15.npy,fef288f5770bc21d0ac32ae2c25d2a3e854ab687c95447f71950ce1f43e1c784,1.884253107064618e-09,-2.153432146224769e-09,-1.6150740201409692e-09,0.9999995113551169,1,False,False,unassigned,10.17632/sjt79hnb2f.2,CC BY 4.0
u2,U,2,U\u2.txt,6ff3abd4debe9e8a6da2ad05793b6247aa80340542979ff141ed8e19f7cb8b6f,U\u2.npy,3dc8dd6dc83f314c47698e35d1b22d9eda5094e208dd02f920dac5069345cda2,2.163331532394332e-09,-5.408328829670479e-09,4.867495940241892e-09,0.9999997424774305,1,False,False,unassigned,10.17632/sjt79hnb2f.2,CC BY 4.0
u3,U,3,U\u3.txt,798c53886d5fc371903efcf6ae2c84363aa764f9328f62720b70ec3c3f51c8e3,U\u3.npy,c6f3af16e4c87fe72c6e8004709e10a66724b34b83bb5ae22fda3cf4f90f3bf5,6.217995606358351e-09,-9.144111194299668e-09,-3.6576444520373307e-10,0.9999997696921792,1,False,False,unassigned,10.17632/sjt79hnb2f.2,CC BY 4.0
u4,U,4,U\u4.txt,9343639fe07a8e5f1741f6fef242686f1c2cf06c3a94ae68fed982c093596350,U\u4.npy,634cda4dc642acacc30d0e315b2b178ecfa8437de1bb6fa42dfc570dd9d61734,-6.223073236287152e-09,1.9147916292802583e-09,-2.3934896950090594e-09,0.9999996496473296,1,False,False,unassigned,10.17632/sjt79hnb2f.2,CC BY 4.0
u5,U,5,U\u5.txt,d57c838a9ed56702ce9cece211004643ec4c900da7bc2223d2a70bcb80ce1291,U\u5.npy,0277c0cc85fc08c5cdf886c86a2e9cb3ad0b347a6424fded96d16d0975d9da57,5.298481126550747e-10,-8.477569762764544e-09,-1.7661603689489455e-09,0.9999997348160504,1,False,False,unassigned,10.17632/sjt79hnb2f.2,CC BY 4.0
u6,U,6,U\u6.txt,c517ddca740d3947bd2293f0b8e214a2e4ca51ba6ca92b9d91bce00b8ef2e928,U\u6.npy,dd7a84e4f1566f03c8ce9657e99dafd76ecf4f183181665ef01e45594f53e5fa,-4.238485443714198e-09,5.651314240472273e-09,1.4128284589776604e-10,1.0000003483857614,1,False,False,unassigned,10.17632/sjt79hnb2f.2,CC BY 4.0
u7,U,7,U\u7.txt,1e65262736c03383416afee722b3ba05831ff4154205399ecf7f7d77e4a1470b,U\u7.npy,7381646e4092b165bff48afdbd50464f9b3b69b6bc89a1cc4d01124b23bf89f6,1.0828211866060861e-08,2.6338895666002743e-09,8.779631348745687e-10,1.000000120329126,1,False,False,unassigned,10.17632/sjt79hnb2f.2,CC BY 4.0
u8,U,8,U\u8.txt,8889ac5bca378c4f4aef01528a81eb4ed9388132e089ec72b6ef812adc64d284,U\u8.npy,25b2664e0d7fdcad9eff7f9e4f965683d01cca253bb7a4027e155c53be9c8350,5.740528138525245e-09,-7.654036103735009e-10,5.357826248212898e-09,1.0000003733109757,1,False,False,unassigned,10.17632/sjt79hnb2f.2,CC BY 4.0
u9,U,9,U\u9.txt,6b0dbc4d3f3a220b5fa0b4fb9143f27643f414ff588e4adfebe672430fd9a76f,U\u9.npy,fd509bedd4510cd01e94626adeb10420c8e57044f9fd7cb763c4af7e9634b26d,9.090909086495882e-09,1.9138755952726403e-09,5.263157893166744e-09,1.0000000799807758,1,False,False,unassigned,10.17632/sjt79hnb2f.2,CC BY 4.0
v1,V,1,V\v1.txt,3293fff777c072b67c98bb2ca7c3fe7e79d75c089ada0b9f25c3e4defc484a4f,V\v1.npy,5e5fb1f23d3cc2fc10266f4550fac9eef312a5b4a411fbeb66d04bb8d9c17eb2,-1.1128775841994318e-08,5.166931633035167e-09,-1.1923688394644325e-08,1.00000031292711,1,False,False,unassigned,10.17632/sjt79hnb2f.2,CC BY 4.0
v10,V,10,V\v10.txt,a454e6dc3f8f43932680977d8cbc7f13edb77182539dac91cf943b598fba76b6,V\v10.npy,d4b7d0e32d8ccdf2fd7a6546c40fe368f45c7cfa30e7fd249b06ff71d66ad398,0.012694684451396135,-0.1867486428497878,0.7755015462689219,0.09503410869182691,1,False,False,unassigned,10.17632/sjt79hnb2f.2,CC BY 4.0
v11,V,11,V\v11.txt,9af8df8d8bb77c30832839ddaeda2fc48478ed218e720bff3594b9629dfa0da6,V\v11.npy,408f4d8686e0e8b3618433b190200951a449eaef659a6bdae9af05b7d286d2f9,-6.684491985712907e-09,-3.342245520747285e-10,-1.671123023416164e-09,0.9999999031193145,1,False,False,unassigned,10.17632/sjt79hnb2f.2,CC BY 4.0
v12,V,12,V\v12.txt,97c49b2f46687ee5b48d50d0a840efede208ee7b6c0958077de25658fb31d198,V\v12.npy,07f4fb25529998be6901e61df5fbae8aa6ceb13cdceca6a828549f3d00da8ebc,0.1532089261539821,-0.17739018554867292,0.7711920709468947,0.095438823429371,1,False,False,unassigned,10.17632/sjt79hnb2f.2,CC BY 4.0
v13,V,13,V\v13.txt,81968b6d54006b428f509de96ddbbebde85b90a2f839054934a974e892de35bd,V\v13.npy,87a6ffb18236b537095478c3b907b7fb330493a57e0d7d14d5c99bf119908800,0.07299406150749267,-0.1006837659904896,0.7622377874092234,0.09240822592041964,1,False,False,unassigned,10.17632/sjt79hnb2f.2,CC BY 4.0
v14,V,14,V\v14.txt,a369c0ec2fb871960e20b9c9c0ea607ad9cf99f453ae3e7d1bbad8382b0dd3c5,V\v14.npy,789824bf91201506fec80a497cb37efb63e541e5748a2e0eca857e6e5f49bdc8,-1.6370439919713002e-09,-5.846585628869198e-09,1.4031805444339584e-09,1.000000234208406,1,False,False,unassigned,10.17632/sjt79hnb2f.2,CC BY 4.0
v15,V,15,V\v15.txt,be3d7cd7f39d2303f6421e38678d43312560701b8ed578c211e975e99f867aea,V\v15.npy,98771c4b5e167c8b63b20eb4ebe0bf5a388558903b79cd6e637e701730c347c2,-4.58963282390056e-09,-3.239740822543492e-09,8.099352046150838e-09,1.0000003406705575,1,False,False,unassigned,10.17632/sjt79hnb2f.2,CC BY 4.0
v2,V,2,V\v2.txt,027a05e970ce4c5fbeda3c98417d0016cb59b296e9dec9870d1363d34afeae92,V\v2.npy,2e1ef7a12aa92ffe64989af44341aa7bcaceb7c034cbb491c12c23c3b4b8ad84,8.903020638329546e-09,2.543720263502049e-09,5.087440406973368e-09,0.9999999339615185,1,False,False,unassigned,10.17632/sjt79hnb2f.2,CC BY 4.0
v3,V,3,V\v3.txt,b65c0e4b59f3370fc17c7c53f1b163c657aa876c3f21befce5d46df0023c6bac,V\v3.npy,1f93ff3822d692a9e3c3f468e14112f21413f66847490b7d79d23817320f6363,8.078994622295987e-09,-6.283661855256722e-09,5.6852184151814495e-09,1.0000000551632091,1,False,False,unassigned,10.17632/sjt79hnb2f.2,CC BY 4.0
v4,V,4,V\v4.txt,82f5a4a412f678d94e620be4d16f7cb322c727a8dc8d1195178397c745af867a,V\v4.npy,1c35c41a3dec89dec7cfa1e50ee2f00c6a1ff201a6841ac8deb8125fc0dc5da4,2.7091268645022985e-18,-7.853403131996154e-09,-9.723261031891025e-09,1.0000003539594733,1,False,False,unassigned,10.17632/sjt79hnb2f.2,CC BY 4.0
v5,V,5,V\v5.txt,b367e30f1a0c44875bd070eb6725dc90cd91b3b43924929c13db6861406fc85c,V\v5.npy,3ac4b78841fb4b70291694a2f777debd566d318d7a9a08d1d35d5bd2cdbbaf90,1.7278617513254095e-09,-1.079913548194198e-09,-1.7278618060617425e-09,1.0000002991912664,1,False,False,unassigned,10.17632/sjt79hnb2f.2,CC BY 4.0
v6,V,6,V\v6.txt,11b08851559404bbce85534fc5ff1318d9a58c524d870bdda049aa9569d6ba83,V\v6.npy,8d20d6b04e692134247dd5d999388cdba7c1cae7adba644330b60416ce76635d,3.8501026679336746e-09,-9.49691891192671e-09,-7.700205312300757e-09,1.000000044224762,1,False,False,unassigned,10.17632/sjt79hnb2f.2,CC BY 4.0
v7,V,7,V\v7.txt,6ae19e8658ee02102a9ba900c3079ee34f3bbfe3a4e45995b5f6d2d7d58c5f3d,V\v7.npy,9fef1ec697b6d6887969b5b468be81f314b5072b763394e7c5d9e93b8eaaa5f0,9.303817771042897e-09,-1.0907924294144205e-08,-2.56657041949487e-09,0.9999999800864415,1,False,False,unassigned,10.17632/sjt79hnb2f.2,CC BY 4.0
v8,V,8,V\v8.txt,37ebb00162d007af7dbd32d7a7c9c7f6eb78a1bccf3d102962b1276c2c98fecf,V\v8.npy,d73f1af34041954dfe0daa291edf50b6d46c263e8b8064b0a8dca7e7b21224de,4.1771094076059593e-10,4.177109543862184e-10,2.923976607627759e-09,1.0000001293514937,1,False,False,unassigned,10.17632/sjt79hnb2f.2,CC BY 4.0
v9,V,9,V\v9.txt,cae2135a9a3543238f06b0c79754d580f46b06a750cc470dee4b26a60060a50b,V\v9.npy,85110f62cf8d5360922ebc6dacb822cc5fc7e1a3c0d8b5f36eac03d6fe2008b5,1.2825994099393916e-09,-2.137665668514487e-09,-8.978195809353618e-09,0.999999717377573,1,False,False,unassigned,10.17632/sjt79hnb2f.2,CC BY 4.0
w1,W,1,W\w1.txt,f476204dd41405393c183455ddb8d394f4a403c842e9a1e66d952da5a070bda8,W\w1.npy,cbabb756fe9a809ea4d31f5ee1547adedc2efda22acfb04f8eca825236b11ae1,4.212743538921835e-09,2.5197794819033306e-17,-5.792522387184986e-09,1.0000000412532324,1,False,False,unassigned,10.17632/sjt79hnb2f.2,CC BY 4.0
w10,W,10,W\w10.txt,8d002da4765081892852f9e8c8c4b5a39a098d39e81fd308bc5d505bf58d8bfb,W\w10.npy,cf84e4e7750a943df0f104b1890685e71c6c250a39ae44a5762ec87c7bcc6cc6,0.007981634134617242,-0.22420316394715287,0.7789602604385505,0.09263592094403014,1,False,False,unassigned,10.17632/sjt79hnb2f.2,CC BY 4.0
w11,W,11,W\w11.txt,337a23e813e02e41e5e103a7e6015d4a0cd6e8757e4fcb7b9616af532d2646c5,W\w11.npy,b6b8e2128cf978f37bac3e1fe9fdb82b8cdf3bd6d413fa192779740d07c8dc56,-5.827505813520645e-10,7.284382717035266e-09,5.244755246972363e-09,0.9999994776923088,1,False,False,unassigned,10.17632/sjt79hnb2f.2,CC BY 4.0
w12,W,12,W\w12.txt,dd7aa6c29ac46c1400f27ebb49636bd613c3b2d5a8a80c59c55b778739f2e27c,W\w12.npy,2f09dbfffad039c8c62b097c9963f86c4fc3ee6aa85101885ba1e33442d64661,0.1159617817815815,-0.15416020384448043,0.7620751395647483,0.09148132856500907,1,False,False,unassigned,10.17632/sjt79hnb2f.2,CC BY 4.0
w13,W,13,W\w13.txt,0396ff4e43e57a37bf522190cbe0e5f96e77402c0bb21c48da71c2a6fe93898d,W\w13.npy,5042a2c5c6169ab578fefab4e9a8985c3aac96276e9d183ec4c53b15df2733f0,0.035545165423645435,-0.09012499085604152,0.7734339272031009,0.09302651659731662,1,False,False,unassigned,10.17632/sjt79hnb2f.2,CC BY 4.0
w14,W,14,W\w14.txt,23bd773cc2cde7b83812fc20c64f525dcb0fa1d6f3ec2eed8fcda4ff5c4a8f0a,W\w14.npy,7de0a17de5ce7d8501f75a43bb957beaa369cec42e2ed120ce0bbf28d74fbc82,4.6770601343334925e-09,-9.576837680959866e-09,1.0467706008055547e-08,1.000000093254558,1,False,False,unassigned,10.17632/sjt79hnb2f.2,CC BY 4.0
w15,W,15,W\w15.txt,a607eb071a0723cbf7f0bab53c7f9b3d4fbf0a5188707b482be1cba222ea6b58,W\w15.npy,50e13f5aa76b0c2ac947ecb350a11ec324ccb7e79514eb9ba378dc8ff11e5d50,0.13117533000654047,-0.017289004358195786,0.7716085128664857,0.09932983483354202,1,False,False,unassigned,10.17632/sjt79hnb2f.2,CC BY 4.0
w2,W,2,W\w2.txt,a10b785efc889414bfc44d2509509510cf73e2f137f7daec7be520b51225c43c,W\w2.npy,c711716b43f92dcef48ded18a09e5316e2a6d01d2a02a7b9e82d744cc87760a8,2.9245958655971645e-17,7.555315537168267e-09,-1.888828927002026e-09,0.999999916190829,1,False,False,unassigned,10.17632/sjt79hnb2f.2,CC BY 4.0
w3,W,3,W\w3.txt,2cb0d0ce2d6f5665c2bccf0e83f1ec87582bf4c38a786b011a04583d4d338da7,W\w3.npy,5259889b70f6a1ceb94fc362f4eda41a284bf433c691c69bb57e7a6f7bfec5bd,-1.009571332109133e-17,7.767994997746201e-10,7.767995886614557e-10,1.000000102866195,1,False,False,unassigned,10.17632/sjt79hnb2f.2,CC BY 4.0
w4,W,4,W\w4.txt,d79297c591b5587dfb215a3b93d7166bad8a7138408ea0b0dbd7d443c5170e3f,W\w4.npy,78df416a8122c73e45b02f4b0dd5204402c2f97b7980af9debb06ea2e11fb77a,-0.004964652738208295,-0.006112049699271924,0.0006250332383665699,1.0057995472794508,1,False,False,unassigned,10.17632/sjt79hnb2f.2,CC BY 4.0
w5,W,5,W\w5.txt,1711af463165280838c8b6b13b9590983e301d4a925bd8d3260619bbafd5b4df,W\w5.npy,7115ce8db2b1b7fb87f49f55e5a26bc904e3db0e524f636c3b95fa84fb766219,-1.009896995402064e-09,6.463340912096932e-09,-3.029690966229717e-09,1.0000000135287823,1,False,False,unassigned,10.17632/sjt79hnb2f.2,CC BY 4.0
w6,W,6,W\w6.txt,7c799074a1dfbd1bb42e30ef3cacd6d100be683eb2e8c6442436837af753705b,W\w6.npy,8c9ef94c18de5e9a31990fbcc05dc47b9b3f8a6c7ae73b79c9b2b6fb1c67367e,-5.767187713983586e-09,-3.6424347321053467e-09,8.499013520722595e-09,0.9999997975944426,1,False,False,unassigned,10.17632/sjt79hnb2f.2,CC BY 4.0
w7,W,7,W\w7.txt,df25364890a2ea520749a330b83ed995a0432dbc5f964f912a601918d443c093,W\w7.npy,d1fa7ea21dcea0e1c799e1816588eaf74f5a0e8d3218137e0c9ba549f2d1e0d5,4.6341463404999885e-09,-3.65853642817141e-09,2.4390242287436524e-10,0.9999997916403043,1,False,False,unassigned,10.17632/sjt79hnb2f.2,CC BY 4.0
w8,W,8,W\w8.txt,986e4d106562b9743f789eadf9653af634c49a4e2ab922987b56b310a7343b6e,W\w8.npy,1e94b89d2a3228830b4ead3bacd625312e08d09a97290cd0f9ef083e7d179b7e,-0.003990190035587197,-0.003330722775800699,-0.0003240332740213532,1.0035201093452288,1,False,False,unassigned,10.17632/sjt79hnb2f.2,CC BY 4.0
w9,W,9,W\w9.txt,9f458f55f7263cfaf70da2e66004476642a50d036beeb74777ec6651ee0c07bc,W\w9.npy,694a5daeb207431f63b7150257d355918589e379dcfe26c74d5cb9a912da1d44,-0.003274886033857313,-0.005508638149939552,-0.0023628397823458216,1.0039187266914575,1,False,False,unassigned,10.17632/sjt79hnb2f.2,CC BY 4.0
y1,Y,1,Y\y1.txt,73674acb5fcb18046a0613aef99938bc898b1e32e18d2796e9bdd40fbce9a290,Y\y1.npy,2097c45c02a758f2569c0831d01cf74b0d089011f56bd2d2358bbd36497cdf47,-2.5157232771227257e-09,2.9350104790294506e-09,5.870020963874771e-09,1.0000002153055678,1,False,False,unassigned,10.17632/sjt79hnb2f.2,CC BY 4.0
y10,Y,10,Y\y10.txt,0263c2ebad1c93088fb32370692c0143f430eced017b07943d3b1485dc8da46a,Y\y10.npy,8a3ce835eb1005a2335cd5548fecc967e8408d420b139bd9743755a983e855f2,-3.7174721320151686e-10,1.8587360634745012e-09,-4.8327137545871854e-09,1.0000003267762299,1,False,False,unassigned,10.17632/sjt79hnb2f.2,CC BY 4.0
y11,Y,11,Y\y11.txt,799479ef7646b9b66f27707794651a554497c8eba574f4961d1f6b290f4943ca,Y\y11.npy,6c2048eb40896ee8cfdd32e9c2769b2b46814f2a7a5ba340557d25a079896a32,5.470887173163919e-09,1.172332927198556e-08,-3.828729266243457e-18,0.999999571815322,1,False,False,unassigned,10.17632/sjt79hnb2f.2,CC BY 4.0
y12,Y,12,Y\y12.txt,05200b87579e6a9e7fa3c1cb4cd67a43ba6273f3ba77e3b66ea180a6734290fd,Y\y12.npy,a6aee239bf0c39688043cc41a0945795451daf10d0cc0930cfd7f9e94b69aab8,4.791566807651149e-10,1.437470054690264e-09,1.7156057759540633e-18,1.000000150023166,1,False,False,unassigned,10.17632/sjt79hnb2f.2,CC BY 4.0
y13,Y,13,Y\y13.txt,b1faa2ef7be1112417a066e83bb2ab56c0be5ef28c27845ae1ffc82d1dca9b4d,Y\y13.npy,15b2f95c04e168e3646b54e37d8cb0c72e1d6f2138049fece34a561dcc972073,3.0239590571021534e-09,7.90881599899079e-09,4.419632474638422e-09,0.9999997650337835,1,False,False,unassigned,10.17632/sjt79hnb2f.2,CC BY 4.0
y14,Y,14,Y\y14.txt,cda6e28419b7b3c6b3ab39833e3aad9b2859ed2e2d2b89cfe00b47400afe3faa,Y\y14.npy,ba750bc1953c29cfb00a6b6fe52d49126cf3066b2617b4eda1a664c8caf7687b,3.7147102153834967e-10,5.5720653824012415e-09,-1.1144130730334842e-09,0.9999996497422897,1,False,False,unassigned,10.17632/sjt79hnb2f.2,CC BY 4.0
y15,Y,15,Y\y15.txt,ad3a048fd1311b554c335569258dc089ba2fb64486bad559ae5ce927479590ac,Y\y15.npy,91c35a489bae87492ca2586aae13b2cab113dbce2df862f2c0d43cf9bf823f53,1.1257035653435569e-09,5.6285178214270405e-09,-3.752345213175513e-09,0.9999996958316023,1,False,False,unassigned,10.17632/sjt79hnb2f.2,CC BY 4.0
y2,Y,2,Y\y2.txt,12ff6c8e18ffefad4ca79f230a03e449429cc5aab20e271e21166fb6feacec7b,Y\y2.npy,61e1cdfa12130f0a89bc7b6da1766184ed7b78fecadfdc5504c669c87f850b31,3.0191210817298316e-09,4.360952472595207e-09,8.386447481424647e-09,1.000000110935422,1,False,False,unassigned,10.17632/sjt79hnb2f.2,CC BY 4.0
y3,Y,3,Y\y3.txt,1a224a983aad073a6561bc2fed8e2ceb0d74187486fcb114a3f1380b508470c4,Y\y3.npy,16437b2a2093fc6df900ca84918e7e9bd355af7c154e59ad1d4ce06c9b4122e9,-2.973534595609194e-10,3.865595886107592e-09,2.9735355844108606e-09,1.0000001468793793,1,False,False,unassigned,10.17632/sjt79hnb2f.2,CC BY 4.0
y4,Y,4,Y\y4.txt,877824fc066f2a5cb4efe1c86a608129a345ce109537d2fc09d65bd1d73a87c6,Y\y4.npy,6dd039fea15bd1924acf90e85a09a6543378b98485329cadc951996cb6214783,8.432349584631014e-09,4.599462824276884e-09,9.965504043646998e-09,0.9999999736464739,1,False,False,unassigned,10.17632/sjt79hnb2f.2,CC BY 4.0
y5,Y,5,Y\y5.txt,17e942d16d15f0d62549cdfd44572d742e9345d95ca8d3fc51edf4d6ca8d2fea,Y\y5.npy,0dc73602a718a771376e6b018e14840446a1cf698d90f8bba5d1606f33400d68,5.94353692661461e-10,3.2689452239380557e-09,-5.052005939716301e-09,1.0000003740297947,1,False,False,unassigned,10.17632/sjt79hnb2f.2,CC BY 4.0
y6,Y,6,Y\y6.txt,dbc6edecaade7560047c069764b9f186c504b36d7938c5bb5d2ddab39913e28f,Y\y6.npy,36982aa466d83d2d1a1aca77f7fd43aef04964318da9c4764252a1ed7bbf5edb,-3.5355416190126435e-09,5.210271671412244e-09,1.0606624482366066e-08,0.9999998245448252,1,False,False,unassigned,10.17632/sjt79hnb2f.2,CC BY 4.0
y7,Y,7,Y\y7.txt,af2197545c2f97d742a44e1a2b0ed7004ec246710533ebb2119549e89798eb29,Y\y7.npy,c978d1fe7b49ee6a9642b96258fd35886b7b5ac4a5b357ae342ad74236fc52bf,-6.004202958880442e-09,-3.602522109038442e-09,-9.606724712804168e-09,0.9999995643041955,1,False,False,unassigned,10.17632/sjt79hnb2f.2,CC BY 4.0
y8,Y,8,Y\y8.txt,bb485bf642a5dcbbd97fad2e4a195c67dcd5225af356766faec4c48a28c71457,Y\y8.npy,751c93339bcf6057db9f6c8d9b338f15af1f96c4313a8e481ada9236c191835d,5.336179844964941e-10,-1.0672361086891406e-09,1.0138740663799517e-08,0.9999998842208523,1,False,False,unassigned,10.17632/sjt79hnb2f.2,CC BY 4.0
y9,Y,9,Y\y9.txt,2681aee34a3f59791917a253131192bb78d0e85e7a2bf7a960c819ff0c359f25,Y\y9.npy,45029ee59a1fcd270f89004a16a28496d2e703bbd43b6b760588969aa6e7e99d,-3.151260559220348e-09,-8.403361654211366e-09,-1.0504201743268876e-09,1.000000346318477,1,False,False,unassigned,10.17632/sjt79hnb2f.2,CC BY 4.0
